wavelength_nm,spectral_irradiance_W_m2_nm,spectral_irradiance_std_W_m2_nm,spectral_irradiance_uW_cm2_nm,photon_irradiance_photons_m2_s_nm
380,5.83979022e-06,2.33436790e-07,5.83979022e-04,1.11713102e+13
381,5.83979037e-06,2.33436545e-07,5.83979037e-04,1.12007087e+13
382,5.83979037e-06,2.33436545e-07,5.83979037e-04,1.12301068e+13
383,5.64642126e-06,1.94979047e-07,5.64642126e-04,1.08866765e+13
384,5.26089656e-06,1.37061276e-07,5.26089656e-04,1.01698431e+13
385,4.73067133e-06,1.08244856e-07,4.73067133e-04,9.16867911e+12
386,4.24911423e-06,1.38788011e-07,4.24911423e-04,8.25674703e+12
387,3.87215141e-06,1.85616199e-07,3.87215141e-04,7.54373743e+12
388,3.63819223e-06,2.16429028e-07,3.63819223e-04,7.10625251e+12
389,3.54723687e-06,2.11823376e-07,3.54723687e-04,6.94645231e+12
390,3.52581785e-06,1.82918844e-07,3.52581785e-04,6.92225743e+12
391,3.48341124e-06,1.52367151e-07,3.48341124e-04,6.85653620e+12
392,3.41770480e-06,1.15902670e-07,3.41770480e-04,6.74440875e+12
393,3.33290555e-06,7.25086017e-08,3.33290555e-04,6.59384637e+12
394,3.23367313e-06,2.16508632e-08,3.23367313e-04,6.41380286e+12
395,3.15111697e-06,3.04253361e-08,3.15111697e-04,6.26592061e+12
396,3.12128748e-06,3.37548253e-08,3.12128748e-04,6.22231831e+12
397,3.14418459e-06,2.95417028e-08,3.14418459e-04,6.28379212e+12
398,3.13663553e-06,3.84349948e-08,3.13663553e-04,6.28449517e+12
399,3.07099979e-06,4.13618200e-08,3.07099979e-04,6.16844860e+12
400,2.95460884e-06,8.35581708e-08,2.95460884e-04,5.94953812e+12
401,2.85673203e-06,8.11570015e-08,2.85673203e-04,5.76682995e+12
402,2.78108094e-06,1.92552753e-08,2.78108094e-04,5.62811482e+12
403,2.75643480e-06,3.63965631e-08,2.75643480e-04,5.59211429e+12
404,2.78141621e-06,1.02462919e-07,2.78141621e-04,5.65679727e+12
405,2.85380699e-06,2.47976736e-07,2.85380699e-04,5.81839080e+12
406,2.92185329e-06,2.84029522e-07,2.92185329e-04,5.97183372e+12
407,2.97203753e-06,1.83411656e-07,2.97203753e-04,6.08936443e+12
408,3.01117046e-06,8.19379244e-08,3.01117046e-04,6.18470191e+12
409,3.05915430e-06,1.39053136e-07,3.05915430e-04,6.29865699e+12
410,3.11598888e-06,1.33912407e-07,3.11598888e-04,6.43136301e+12
411,3.09071053e-06,9.81203131e-08,3.09071053e-04,6.39474781e+12
412,2.97129566e-06,8.55776115e-08,2.97129566e-04,6.16263366e+12
413,2.80856551e-06,1.11278795e-07,2.80856551e-04,5.83926086e+12
414,2.79671792e-06,1.48062679e-07,2.79671792e-04,5.82870766e+12
415,2.94351772e-06,1.85398954e-07,2.94351772e-04,6.14947469e+12
416,3.10659005e-06,2.05650462e-07,3.10659005e-04,6.50579755e+12
417,3.14376984e-06,2.05308051e-07,3.14376984e-04,6.59948531e+12
418,3.06292515e-06,1.87821416e-07,3.06292515e-04,6.44519309e+12
419,3.00464298e-06,1.62205734e-07,3.00464298e-04,6.33767793e+12
420,3.00326268e-06,1.45001969e-07,3.00326268e-04,6.34988526e+12
421,3.04058046e-06,1.38841196e-07,3.04058046e-04,6.44409396e+12
422,3.05922461e-06,1.27017310e-07,3.05922461e-04,6.49900817e+12
423,3.05919566e-06,1.03308023e-07,3.05919566e-04,6.51434702e+12
424,3.13101088e-06,8.84350691e-08,3.13101088e-04,6.68303447e+12
425,3.28523860e-06,6.84055330e-08,3.28523860e-04,7.02876647e+12
426,3.48723276e-06,5.38826222e-08,3.48723276e-04,7.47848803e+12
427,3.60409326e-06,8.46727205e-08,3.60409326e-04,7.74724272e+12
428,3.63358940e-06,1.52643419e-07,3.63358940e-04,7.82893860e+12
429,3.55180516e-06,1.93920181e-07,3.55180516e-04,7.67060632e+12
430,3.39899212e-06,1.76071536e-07,3.39899212e-04,7.35769670e+12
431,3.19068219e-06,1.12032973e-07,3.19068219e-04,6.92283668e+12
432,3.03039451e-06,5.88512827e-08,3.03039451e-04,6.59031519e+12
433,2.93059507e-06,5.99574722e-08,2.93059507e-04,6.38803047e+12
434,2.89227526e-06,1.18608901e-07,2.89227526e-04,6.31906206e+12
435,2.87778746e-06,1.32102930e-07,2.87778746e-04,6.30189612e+12
436,2.88771334e-06,1.05699582e-07,2.88771334e-04,6.33816930e+12
437,2.90921920e-06,7.78108653e-08,2.90921920e-04,6.40001733e+12
438,2.93499627e-06,7.50172159e-08,2.93499627e-04,6.47149965e+12
439,2.94998607e-06,7.06266602e-08,2.94998607e-04,6.51940187e+12
440,2.94029278e-06,1.95829527e-08,2.94029278e-04,6.51278170e+12
441,2.90740724e-06,1.20445292e-07,2.90740724e-04,6.45457609e+12
442,2.90055891e-06,2.15358139e-07,2.90055891e-04,6.45397424e+12
443,2.92995502e-06,2.48998883e-07,2.92995502e-04,6.53413266e+12
444,2.96968121e-06,2.31478662e-07,2.96968121e-04,6.63767629e+12
445,2.96059057e-06,2.29445309e-07,2.96059057e-04,6.63226133e+12
446,2.90268357e-06,2.42298955e-07,2.90268357e-04,6.51715156e+12
447,2.80669370e-06,2.54343468e-07,2.80669370e-04,6.31576280e+12
448,2.69650210e-06,2.58099232e-07,2.69650210e-04,6.08137864e+12
449,2.60662287e-06,2.35777210e-07,2.60662287e-04,5.89179748e+12
450,2.59613052e-06,1.70149668e-07,2.59613052e-04,5.88115064e+12
451,2.66553741e-06,9.47385869e-08,2.66553741e-04,6.05180034e+12
452,2.68885485e-06,1.05189550e-07,2.68885485e-04,6.11827596e+12
453,2.61105085e-06,1.06363467e-07,2.61105085e-04,5.95438346e+12
454,2.45964791e-06,1.81336660e-07,2.45964791e-04,5.62149806e+12
455,2.37069349e-06,2.07078605e-07,2.37069349e-04,5.43012805e+12
456,2.35383422e-06,1.38285125e-07,2.35383422e-04,5.40336098e+12
457,2.43000934e-06,3.79435561e-08,2.43000934e-04,5.59045828e+12
458,2.56230015e-06,4.02463798e-08,2.56230015e-04,5.90770427e+12
459,2.70445373e-06,6.22070615e-08,2.70445373e-04,6.24907172e+12
460,2.72210183e-06,3.36303033e-08,2.72210183e-04,6.30355384e+12
461,2.60758904e-06,4.78164251e-08,2.60758904e-04,6.05150422e+12
462,2.49357149e-06,1.13447233e-07,2.49357149e-04,5.79945345e+12
463,2.48227983e-06,1.32590300e-07,2.48227983e-04,5.78568782e+12
464,2.54610972e-06,1.18229061e-07,2.54610972e-04,5.94727970e+12
465,2.54430723e-06,9.66898143e-08,2.54430723e-04,5.95587771e+12
466,2.46054850e-06,6.04657713e-08,2.46054850e-04,5.77219659e+12
467,2.38132780e-06,4.44767731e-08,2.38132780e-04,5.59834076e+12
468,2.37243584e-06,6.46090600e-08,2.37243584e-04,5.58937948e+12
469,2.40341962e-06,8.23435534e-08,2.40341962e-04,5.67447533e+12
470,2.35693513e-06,9.40199784e-08,2.35693513e-04,5.57659052e+12
471,2.22154272e-06,1.01178599e-07,2.22154272e-04,5.26743086e+12
472,2.13981924e-06,1.05564129e-07,2.13981924e-04,5.08443096e+12
473,2.18961240e-06,1.10283782e-07,2.18961240e-04,5.21376741e+12
474,2.32505247e-06,1.04963863e-07,2.32505247e-04,5.54797337e+12
475,2.35501762e-06,7.17924613e-08,2.35501762e-04,5.63133078e+12
476,2.26011375e-06,1.19865680e-08,2.26011375e-04,5.41577382e+12
477,2.14537575e-06,2.45316346e-08,2.14537575e-04,5.15163415e+12
478,2.09734535e-06,4.59089953e-08,2.09734535e-04,5.04685830e+12
479,2.15379707e-06,9.75711895e-08,2.15379707e-04,5.19354099e+12
480,2.30960176e-06,1.00571037e-07,2.30960176e-04,5.58086614e+12
481,2.55721714e-06,4.93703394e-08,2.55721714e-04,6.19207134e+12
482,2.69650296e-06,4.42823001e-08,2.69650296e-04,6.54291392e+12
483,2.66320514e-06,4.24221921e-08,2.66320514e-04,6.47552552e+12
484,2.48019599e-06,2.04935637e-08,2.48019599e-04,6.04302833e+12
485,2.33511029e-06,2.67204001e-08,2.33511029e-04,5.70128044e+12
486,2.23891142e-06,4.41698700e-08,2.23891142e-04,5.47767736e+12
487,2.22006005e-06,6.72301279e-08,2.22006005e-04,5.44273201e+12
488,2.25328615e-06,8.24093192e-08,2.25328615e-04,5.53553291e+12
489,2.32426628e-06,8.32970420e-08,2.32426628e-04,5.72160680e+12
490,2.37093284e-06,8.01029768e-08,2.37093284e-04,5.84842061e+12
491,2.39863518e-06,9.20155633e-08,2.39863518e-04,5.92882948e+12
492,2.46528893e-06,9.08903981e-08,2.46528893e-04,6.10599151e+12
493,2.58162905e-06,7.49072371e-08,2.58162905e-04,6.40713723e+12
494,2.69901015e-06,7.10566959e-08,2.69901015e-04,6.71204307e+12
495,2.75097368e-06,4.39680894e-08,2.75097368e-04,6.85511749e+12
496,2.74351945e-06,4.09868906e-08,2.74351945e-04,6.85035358e+12
497,2.74107970e-06,9.19772947e-08,2.74107970e-04,6.85806063e+12
498,2.76577698e-06,1.07685445e-07,2.76577698e-04,6.93377537e+12
499,2.80152580e-06,7.44181553e-08,2.80152580e-04,7.03750051e+12
500,2.82443493e-06,4.97270803e-08,2.82443493e-04,7.10926735e+12
501,2.86978988e-06,1.13937873e-07,2.86978988e-04,7.23787524e+12
502,3.01182666e-06,1.39230267e-07,3.01182666e-04,7.61126702e+12
503,3.25329936e-06,1.08754756e-07,3.25329936e-04,8.23787656e+12
504,3.38061107e-06,7.46862558e-08,3.38061107e-04,8.57726867e+12
505,3.31606879e-06,4.94030473e-08,3.31606879e-04,8.43020579e+12
506,3.13193894e-06,1.39780864e-08,3.13193894e-04,7.97787214e+12
507,3.07621822e-06,5.10059814e-08,3.07621822e-04,7.85142285e+12
508,3.15563062e-06,1.50756190e-07,3.15563062e-04,8.06999270e+12
509,3.23218876e-06,2.22843712e-07,3.23218876e-04,8.28204842e+12
510,3.23620711e-06,2.43666973e-07,3.23620711e-04,8.30863634e+12
511,3.15683529e-06,2.13372943e-07,3.15683529e-04,8.12074906e+12
512,3.05163666e-06,1.83889600e-07,3.05163666e-04,7.86549487e+12
513,2.92948176e-06,1.63201601e-07,2.92948176e-04,7.56539191e+12
514,2.83091771e-06,1.18070593e-07,2.83091771e-04,7.32510126e+12
515,2.76410184e-06,5.07538396e-08,2.76410184e-04,7.16612759e+12
516,2.74384650e-06,8.64947499e-08,2.74384650e-04,7.12742706e+12
517,2.75050399e-06,9.21686357e-08,2.75050399e-04,7.15856692e+12
518,2.74342655e-06,7.83235911e-08,2.74342655e-04,7.15395766e+12
519,2.65592477e-06,8.99860330e-08,2.65592477e-04,6.93915190e+12
520,2.50497321e-06,8.97541950e-08,2.50497321e-04,6.55737010e+12
521,2.51907568e-06,7.88303641e-08,2.51907568e-04,6.60696804e+12
522,2.74123818e-06,9.45741713e-08,2.74123818e-04,7.20344994e+12
523,3.00480829e-06,1.23946367e-07,3.00480829e-04,7.91118837e+12
524,3.06314269e-06,1.06540199e-07,3.06314269e-04,8.08019389e+12
525,2.93493426e-06,5.01245045e-08,2.93493426e-04,7.75677062e+12
526,2.80366419e-06,2.01987491e-08,2.80366419e-04,7.42394945e+12
527,2.72811980e-06,3.41346371e-08,2.72811980e-04,7.23764572e+12
528,2.66024703e-06,4.81142259e-08,2.66024703e-04,7.07097265e+12
529,2.56187585e-06,3.56244258e-08,2.56187585e-04,6.82239750e+12
530,2.47319050e-06,3.53139412e-08,2.47319050e-04,6.59867452e+12
531,2.45086655e-06,4.17959671e-08,2.45086655e-04,6.55145034e+12
532,2.49672239e-06,2.28197311e-08,2.49672239e-04,6.68659710e+12
533,2.57281198e-06,3.37864579e-08,2.57281198e-04,6.90332828e+12
534,2.65182159e-06,1.09794535e-07,2.65182159e-04,7.12867518e+12
535,2.73612639e-06,1.58431940e-07,2.73612639e-04,7.36907886e+12
536,2.82391743e-06,1.60173089e-07,2.82391743e-04,7.61973821e+12
537,2.89871536e-06,1.31908840e-07,2.89871536e-04,7.83615694e+12
538,2.94260618e-06,9.67460416e-08,2.94260618e-04,7.96962133e+12
539,2.94670114e-06,4.86354672e-08,2.94670114e-04,7.99554595e+12
540,2.88905040e-06,4.85863988e-08,2.88905040e-04,7.85366091e+12
541,2.78451170e-06,6.46734234e-08,2.78451170e-04,7.58349805e+12
542,2.69542223e-06,7.32617607e-08,2.69542223e-04,7.35443579e+12
543,2.67044369e-06,1.12658703e-07,2.67044369e-04,7.29972539e+12
544,2.68674005e-06,1.69331003e-07,2.68674005e-04,7.35779726e+12
545,2.66813789e-06,1.72305938e-07,2.66813789e-04,7.32028586e+12
546,2.62829677e-06,1.14114788e-07,2.62829677e-04,7.22420916e+12
547,2.70241165e-06,6.67787274e-08,2.70241165e-04,7.44152764e+12
548,2.91277802e-06,1.21855539e-07,2.91277802e-04,8.03546872e+12
549,3.14598243e-06,1.81000483e-07,3.14598243e-04,8.69464602e+12
550,3.27350013e-06,2.16690115e-07,3.27350013e-04,9.06354968e+12
551,3.24989521e-06,2.04272421e-07,3.24989521e-04,9.01455359e+12
552,3.12346321e-06,1.22997772e-07,3.12346321e-04,8.67958059e+12
553,2.93743145e-06,1.86930584e-08,2.93743145e-04,8.17741689e+12
554,2.84081387e-06,1.04723663e-07,2.84081387e-04,7.92274745e+12
555,2.87483555e-06,1.04333303e-07,2.87483555e-04,8.03210279e+12
556,2.90859048e-06,5.24476730e-08,2.90859048e-04,8.14105404e+12
557,2.82641617e-06,2.22964962e-08,2.82641617e-04,7.92527921e+12
558,2.66205201e-06,5.05081953e-09,2.66205201e-04,7.47780271e+12
559,2.54279220e-06,2.76322242e-08,2.54279220e-04,7.15559820e+12
560,2.49081516e-06,5.32831205e-08,2.49081516e-04,7.02187017e+12
561,2.49710198e-06,3.68711320e-08,2.49710198e-04,7.05216407e+12
562,2.53820248e-06,4.27071107e-08,2.53820248e-04,7.18101523e+12
563,2.69594517e-06,8.56131540e-08,2.69594517e-04,7.64086835e+12
564,2.94602073e-06,8.62521285e-08,2.94602073e-04,8.36446503e+12
565,3.14534238e-06,8.44921294e-08,3.14534238e-04,8.94622141e+12
566,3.14269867e-06,5.38108953e-08,3.14269867e-04,8.95452267e+12
567,2.96647544e-06,2.41336061e-08,2.96647544e-04,8.46734165e+12
568,2.79883932e-06,9.18430305e-08,2.79883932e-04,8.00294016e+12
569,2.70779275e-06,1.25283089e-07,2.70779275e-04,7.75623494e+12
570,2.71503123e-06,9.85618514e-08,2.71503123e-04,7.79063670e+12
571,2.78147520e-06,4.39738868e-08,2.78147520e-04,7.99529638e+12
572,2.86222854e-06,1.04440498e-07,2.86222854e-04,8.24182910e+12
573,2.90167852e-06,1.99405206e-07,2.90167852e-04,8.37003326e+12
574,2.92748127e-06,2.55047080e-07,2.92748127e-04,8.45919986e+12
575,2.99345353e-06,2.56582247e-07,2.99345353e-04,8.66490155e+12
576,3.07492174e-06,2.08602756e-07,3.07492174e-04,8.91620035e+12
577,3.08916050e-06,1.47139664e-07,3.08916050e-04,8.97303897e+12
578,3.02499548e-06,8.99356152e-08,3.02499548e-04,8.80188796e+12
579,2.97202527e-06,4.59407789e-08,2.97202527e-04,8.66272104e+12
580,2.98531982e-06,5.77190615e-08,2.98531982e-04,8.71649982e+12
581,3.02825286e-06,9.98943263e-08,3.02825286e-04,8.85709976e+12
582,3.03567930e-06,1.05718702e-07,3.03567930e-04,8.89410274e+12
583,2.98244817e-06,8.53895536e-08,2.98244817e-04,8.75315718e+12
584,2.88249568e-06,5.87494954e-08,2.88249568e-04,8.47431844e+12
585,2.75477705e-06,2.92803451e-08,2.75477705e-04,8.11270324e+12
586,2.64744562e-06,1.36332791e-08,2.64744562e-04,7.80994421e+12
587,2.58095702e-06,7.06935903e-08,2.58095702e-04,7.62679620e+12
588,2.56728947e-06,9.00195994e-08,2.56728947e-04,7.59933227e+12
589,2.58344055e-06,4.93963239e-08,2.58344055e-04,7.66014576e+12
590,2.58805339e-06,4.99775444e-08,2.58805339e-04,7.68685183e+12
591,2.55220640e-06,5.49438886e-08,2.55220640e-04,7.59322976e+12
592,2.50815220e-06,7.99121239e-08,2.50815220e-04,7.47478768e+12
593,2.50686821e-06,9.98480732e-08,2.50686821e-04,7.48358102e+12
594,2.54933389e-06,1.07673009e-07,2.54933389e-04,7.62318451e+12
595,2.60082756e-06,1.13535841e-07,2.60082756e-04,7.79025713e+12
596,2.64386390e-06,1.22823448e-07,2.64386390e-04,7.93247337e+12
597,2.67150416e-06,1.31542866e-07,2.67150416e-04,8.02885202e+12
598,2.68196129e-06,1.57897776e-07,2.68196129e-04,8.07378084e+12
599,2.63085969e-06,1.83942523e-07,2.63085969e-04,7.93318856e+12
600,2.52748700e-06,1.60538523e-07,2.52748700e-04,7.63419851e+12
601,2.48474729e-06,1.07683931e-07,2.48474729e-04,7.51761300e+12
602,2.56442620e-06,8.00003834e-08,2.56442620e-04,7.77159150e+12
603,2.71201530e-06,7.73199237e-08,2.71201530e-04,8.23251849e+12
604,2.79545970e-06,9.55349878e-08,2.79545970e-04,8.49989268e+12
605,2.77920968e-06,1.21334709e-07,2.77920968e-04,8.46447361e+12
606,2.69747952e-06,1.09920111e-07,2.69747952e-04,8.22913237e+12
607,2.60669536e-06,6.73033740e-08,2.60669536e-04,7.96530185e+12
608,2.59218714e-06,5.43546873e-08,2.59218714e-04,7.93401832e+12
609,2.63774045e-06,8.11339425e-08,2.63774045e-04,8.08672399e+12
610,2.53480595e-06,1.34780992e-07,2.53480595e-04,7.78391027e+12
611,2.22278945e-06,2.14569003e-07,2.22278945e-04,6.83695631e+12
612,2.07410656e-06,2.31647429e-07,2.07410656e-04,6.39007205e+12
613,2.26428709e-06,1.59793935e-07,2.26428709e-04,6.98739400e+12
614,2.67330231e-06,7.90061485e-08,2.67330231e-04,8.26303730e+12
615,2.94478975e-06,4.55858177e-08,2.94478975e-04,9.11701514e+12
616,2.99565153e-06,5.32817547e-08,2.99565153e-04,9.28956273e+12
617,2.90734856e-06,6.63594623e-08,2.90734856e-04,9.03036978e+12
618,2.79757939e-06,6.82581018e-08,2.79757939e-04,8.70350460e+12
619,2.82743325e-06,3.82281276e-08,2.82743325e-04,8.81061607e+12
620,2.95816890e-06,3.68755021e-08,2.95816890e-04,9.23289557e+12
621,2.98819699e-06,6.73984990e-08,2.98819699e-04,9.34166075e+12
622,2.87455328e-06,6.81785414e-08,2.87455328e-04,9.00086018e+12
623,2.78018981e-06,5.99647089e-08,2.78018981e-04,8.71938315e+12
624,2.84897063e-06,7.89351624e-08,2.84897063e-04,8.94943934e+12
625,3.25837693e-06,1.50342027e-07,3.25837693e-04,1.02519058e+13
626,3.89807260e-06,2.03843238e-07,3.89807260e-04,1.22842183e+13
627,4.15474968e-06,1.68428010e-07,4.15474968e-04,1.31140149e+13
628,3.81590007e-06,1.31360776e-07,3.81590007e-04,1.20636827e+13
629,3.20948559e-06,2.14266259e-07,3.20948559e-04,1.01627056e+13
630,2.93502840e-06,2.49736701e-07,2.93502840e-04,9.30842331e+12
631,3.01213012e-06,2.10650117e-07,3.01213012e-04,9.56811431e+12
632,3.13902313e-06,1.86461452e-07,3.13902313e-04,9.98699566e+12
633,3.22650055e-06,1.50018132e-07,3.22650055e-04,1.02815530e+13
634,3.22974598e-06,7.28377793e-08,3.22974598e-04,1.03081538e+13
635,3.07844347e-06,2.53518360e-08,3.07844347e-04,9.84074947e+12
636,2.79736030e-06,4.49604080e-08,2.79736030e-04,8.95630326e+12
637,2.67418808e-06,1.38167925e-07,2.67418808e-04,8.57540516e+12
638,2.98938962e-06,1.65162232e-07,2.98938962e-04,9.60122106e+12
639,3.51928105e-06,1.12518130e-07,3.51928105e-04,1.13208250e+13
640,3.71339614e-06,7.24367103e-08,3.71339614e-04,1.19639482e+13
641,3.48445796e-06,9.43514005e-08,3.48445796e-04,1.12438884e+13
642,3.27833812e-06,1.10352469e-07,3.27833812e-04,1.05952703e+13
643,3.35142187e-06,1.20889300e-07,3.35142187e-04,1.08483413e+13
644,3.51739589e-06,2.01745783e-07,3.51739589e-04,1.14032957e+13
645,3.58479920e-06,3.44955675e-07,3.58479920e-04,1.16398616e+13
646,3.56611043e-06,3.75068354e-07,3.56611043e-04,1.15971313e+13
647,3.51488932e-06,2.55392756e-07,3.51488932e-04,1.14482526e+13
648,3.42250592e-06,1.88972581e-07,3.42250592e-04,1.11645824e+13
649,3.32101791e-06,1.98921768e-07,3.32101791e-04,1.08502360e+13
650,3.26620648e-06,1.52235212e-07,3.26620648e-04,1.06876017e+13
651,3.26623969e-06,9.71236911e-08,3.26623969e-04,1.07041530e+13
652,3.26660229e-06,9.22090276e-08,3.26660229e-04,1.07217858e+13
653,3.22660020e-06,1.40200956e-07,3.22660020e-04,1.06067322e+13
654,3.21420142e-06,1.62399449e-07,3.21420142e-04,1.05821547e+13
655,3.27172068e-06,1.43535314e-07,3.27172068e-04,1.07879963e+13
656,3.39503043e-06,1.50467965e-07,3.39503043e-04,1.12116822e+13
657,3.51670237e-06,2.53219482e-07,3.51670237e-04,1.16311927e+13
658,3.56504562e-06,3.32851623e-07,3.56504562e-04,1.18090307e+13
659,3.53795888e-06,3.18613644e-07,3.53795888e-04,1.17371178e+13
660,3.47805054e-06,2.15611569e-07,3.47805054e-04,1.15558818e+13
661,3.47535336e-06,1.13679061e-07,3.47535336e-04,1.15644157e+13
662,3.72851648e-06,6.21656813e-08,3.72851648e-04,1.24255987e+13
663,4.17177689e-06,9.73289259e-08,4.17177689e-04,1.39238030e+13
664,4.46739327e-06,1.20507882e-07,4.46739327e-04,1.49329473e+13
665,4.42064848e-06,1.22714699e-07,4.42064848e-04,1.47989497e+13
666,4.13056820e-06,1.31035320e-07,4.13056820e-04,1.38486454e+13
667,3.91976403e-06,1.53270112e-07,3.91976403e-04,1.31616102e+13
668,3.81179619e-06,1.11646368e-07,3.81179619e-04,1.28182696e+13
669,3.73852548e-06,8.82933582e-08,3.73852548e-04,1.25906958e+13
670,3.69490691e-06,1.74835715e-07,3.69490691e-04,1.24623967e+13
671,3.65559850e-06,1.95120449e-07,3.65559850e-04,1.23482177e+13
672,3.64945713e-06,1.63656279e-07,3.64945713e-04,1.23458446e+13
673,3.67642792e-06,1.56364817e-07,3.67642792e-04,1.24555924e+13
674,3.72622667e-06,1.72821068e-07,3.72622667e-04,1.26430668e+13
675,3.77438900e-06,1.99635226e-07,3.77438900e-04,1.28254821e+13
676,3.83554779e-06,2.02846000e-07,3.83554779e-04,1.30526100e+13
677,3.87331929e-06,1.97225446e-07,3.87331929e-04,1.32006475e+13
678,3.78085875e-06,1.16418117e-07,3.78085875e-04,1.29045663e+13
679,3.63271311e-06,9.75000461e-08,3.63271311e-04,1.24172134e+13
680,3.64104821e-06,2.46249055e-07,3.64104821e-04,1.24640336e+13
681,3.85017484e-06,2.78267799e-07,3.85017484e-04,1.31992979e+13
682,4.08458694e-06,1.83943358e-07,4.08458694e-04,1.40234796e+13
683,4.24780479e-06,5.04754393e-08,4.24780479e-04,1.46052341e+13
684,4.48341636e-06,9.79498163e-08,4.48341636e-04,1.54379078e+13
685,4.70860132e-06,1.53332347e-07,4.70860132e-04,1.62369988e+13
686,4.70352980e-06,1.43338008e-07,4.70352980e-04,1.62431885e+13
687,4.63576335e-06,1.09253955e-07,4.63576335e-04,1.60325005e+13
688,4.83105549e-06,8.92551095e-08,4.83105549e-04,1.67322264e+13
689,5.13127058e-06,1.43694985e-07,5.13127058e-04,1.77978444e+13
690,5.15675452e-06,2.64009239e-07,5.15675452e-04,1.79121953e+13
691,4.78169229e-06,3.19917778e-07,4.78169229e-04,1.66334731e+13
692,4.31696698e-06,2.34110769e-07,4.31696698e-04,1.50386236e+13
693,4.10638191e-06,9.95140214e-08,4.10638191e-04,1.43256996e+13
694,4.14507697e-06,6.76877502e-08,4.14507697e-04,1.44815596e+13
695,4.29044198e-06,1.52688383e-07,4.29044198e-04,1.50110166e+13
696,4.33542005e-06,1.49706218e-07,4.33542005e-04,1.51902069e+13
697,4.33262453e-06,9.96229191e-08,4.33262453e-04,1.52022231e+13
698,4.42721214e-06,1.11676776e-07,4.42721214e-04,1.55563972e+13
699,4.64258250e-06,7.60031700e-08,4.64258250e-04,1.63365397e+13
700,4.81878764e-06,1.37002456e-07,4.81878764e-04,1.69808371e+13
701,4.79686012e-06,2.14854869e-07,4.79686012e-04,1.69277151e+13
702,4.67288463e-06,1.66882057e-07,4.67288463e-04,1.65137398e+13
703,4.66530692e-06,1.22897677e-07,4.66530692e-04,1.65104463e+13
704,4.86323889e-06,2.11020111e-07,4.86323889e-04,1.72354065e+13
705,5.10146252e-06,3.23077922e-07,5.10146252e-04,1.81053567e+13
706,5.08620450e-06,3.32988014e-07,5.08620450e-04,1.80768097e+13
707,4.82995110e-06,2.50684463e-07,4.82995110e-04,1.71903775e+13
708,4.62465423e-06,1.73214279e-07,4.62465423e-04,1.64829823e+13
709,4.63805115e-06,1.33053072e-07,4.63805115e-04,1.65540795e+13
710,4.76818144e-06,2.29230120e-07,4.76818144e-04,1.70425426e+13
711,4.77212497e-06,2.90056549e-07,4.77212497e-04,1.70806611e+13
712,4.68182486e-06,2.62257821e-07,4.68182486e-04,1.67810227e+13
713,4.59238033e-06,3.17811556e-07,4.59238033e-04,1.64835460e+13
714,4.41273488e-06,3.00340929e-07,4.41273488e-04,1.58609543e+13
715,4.39000658e-06,3.29428697e-07,4.39000658e-04,1.58013605e+13
716,4.78195803e-06,6.76467481e-07,4.78195803e-04,1.72362208e+13
717,5.15111831e-06,9.32606410e-07,5.15111831e-04,1.85927636e+13
718,5.05413891e-06,8.05360395e-07,5.05413891e-04,1.82681633e+13
719,4.43658512e-06,3.92861378e-07,4.43658512e-04,1.60583521e+13
720,3.87250399e-06,1.38187255e-07,3.87250399e-04,1.40361383e+13
721,3.80309353e-06,1.60878652e-07,3.80309353e-04,1.38037008e+13
722,4.08004961e-06,2.06390952e-07,4.08004961e-04,1.48294795e+13
723,4.64618346e-06,2.58665021e-07,4.64618346e-04,1.69105573e+13
724,5.09835237e-06,2.77493100e-07,5.09835237e-04,1.85819669e+13
725,5.34607206e-06,2.23822515e-07,5.34607206e-04,1.95117437e+13
726,5.33554284e-06,1.24573934e-07,5.33554284e-04,1.95001746e+13
727,5.16843221e-06,4.66178429e-08,5.16843221e-04,1.89154424e+13
728,4.96137437e-06,5.50596561e-08,4.96137437e-04,1.81826277e+13
729,4.82924391e-06,1.60294427e-07,4.82924391e-04,1.77227021e+13
730,4.99746824e-06,2.58050217e-07,4.99746824e-04,1.83652215e+13
731,5.27951246e-06,2.34101343e-07,5.27951246e-04,1.94282849e+13
732,5.42801013e-06,9.14816111e-08,5.42801013e-04,2.00020726e+13
733,5.23452632e-06,7.01467189e-08,5.23452632e-04,1.93154411e+13
734,4.85954232e-06,3.49191566e-08,4.85954232e-04,1.79562108e+13
735,4.65429373e-06,2.02097185e-07,4.65429373e-04,1.72212390e+13
736,4.63719247e-06,3.16693079e-07,4.63719247e-04,1.71813072e+13
737,4.85446910e-06,2.69776108e-07,4.85446910e-04,1.80107790e+13
738,5.06787670e-06,1.94217450e-07,5.06787670e-04,1.88280641e+13
739,5.17396039e-06,1.61327583e-07,5.17396039e-04,1.92482303e+13
740,5.18784703e-06,1.72884136e-07,5.18784703e-04,1.93260077e+13
741,5.20405282e-06,1.63196959e-07,5.20405282e-04,1.94125761e+13
742,5.24426655e-06,1.26171387e-07,5.24426655e-04,1.95889849e+13
743,5.31441144e-06,9.30997858e-08,5.31441144e-04,1.98777514e+13
744,5.56526286e-06,6.01644147e-08,5.56526286e-04,2.08440394e+13
745,5.83041645e-06,1.23928222e-07,5.83041645e-04,2.18664921e+13
746,5.86835978e-06,1.54404208e-07,5.86835978e-04,2.20383374e+13
747,5.55138166e-06,9.78407527e-08,5.55138166e-04,2.08758879e+13
748,5.15736158e-06,1.26807226e-07,5.15736158e-04,1.94201440e+13
749,5.08919358e-06,2.86817861e-07,5.08919358e-04,1.91890757e+13
750,5.26241198e-06,3.99330834e-07,5.26241198e-04,1.98686965e+13
751,5.58159267e-06,3.69422965e-07,5.58159267e-04,2.11018895e+13
752,5.65118234e-06,3.02044962e-07,5.65118234e-04,2.13934304e+13
753,5.48333488e-06,3.05301365e-07,5.48333488e-04,2.07856215e+13
754,5.35137563e-06,2.47695146e-07,5.35137563e-04,2.03123443e+13
755,5.38668316e-06,1.33862865e-07,5.38668316e-04,2.04734792e+13
756,5.56658503e-06,1.12151254e-07,5.56658503e-04,2.11852655e+13
757,5.68677314e-06,2.01404923e-07,5.68677314e-04,2.16713043e+13
758,5.80347422e-06,3.95190648e-07,5.80347422e-04,2.21452472e+13
759,6.12288714e-06,5.21988226e-07,6.12288714e-04,2.33949056e+13
760,6.43387406e-06,4.70164580e-07,6.43387406e-04,2.46155427e+13
761,6.45682899e-06,2.42719745e-07,6.45682899e-04,2.47358711e+13
762,6.19320137e-06,1.23030871e-07,6.19320137e-04,2.37571008e+13
763,5.91133473e-06,9.97285072e-08,5.91133473e-04,2.27056196e+13
764,6.10732256e-06,8.97284871e-08,6.10732256e-04,2.34891599e+13
765,6.49448965e-06,2.07898473e-07,6.49448965e-04,2.50109237e+13
766,6.85525701e-06,3.14710178e-07,6.85525701e-04,2.64347848e+13
767,6.94326281e-06,3.68962851e-07,6.94326281e-04,2.68091000e+13
768,6.84680122e-06,3.71154170e-07,6.84680122e-04,2.64711133e+13
769,6.56969209e-06,3.44909124e-07,6.56969209e-04,2.54328262e+13
770,6.45278379e-06,3.39634067e-07,6.45278379e-04,2.50127306e+13
771,6.75365639e-06,2.79886517e-07,6.75365639e-04,2.62129927e+13
772,7.06545155e-06,2.58054218e-07,7.06545155e-04,2.74587328e+13
773,7.06725878e-06,2.59940709e-07,7.06725878e-04,2.75013337e+13
774,6.56908797e-06,1.52020451e-07,6.56908797e-04,2.55958352e+13
775,6.18231203e-06,9.25548318e-08,6.18231203e-04,2.41199216e+13
776,6.00880012e-06,2.07476647e-07,6.00880012e-04,2.34732242e+13
777,5.97896256e-06,2.72333255e-07,5.97896256e-04,2.33867633e+13
778,6.02084507e-06,3.03377829e-07,6.02084507e-04,2.35808967e+13
779,6.02084507e-06,3.03377829e-07,6.02084507e-04,2.36112064e+13
780,0.00000000e+00,0.00000000e+00,0.00000000e+00,0.00000000e+00
