wavelength_nm,rep0,rep1,rep2
380,8.41109577e-05,2.67814309e-03,1.33987702e-03
381,8.41109577e-05,2.67814309e-03,1.33987702e-03
382,8.41109577e-05,2.67814309e-03,1.33987702e-03
383,1.26977509e-04,2.49103107e-03,1.11374515e-03
384,2.10571525e-04,2.11822311e-03,6.67119399e-04
385,2.51237652e-04,1.61508156e-03,2.20493763e-04
386,2.06109456e-04,1.16871845e-03,0.00000000e+00
387,2.27935903e-04,8.09238350e-04,0.00000000e+00
388,6.26695692e-04,5.28644247e-04,0.00000000e+00
389,1.40238879e-03,3.26936337e-04,0.00000000e+00
390,1.94997713e-03,2.28087854e-04,3.09953102e-05
391,1.91343320e-03,2.00572147e-04,1.01832702e-04
392,1.31928502e-03,2.35190004e-04,2.02555268e-04
393,7.61071162e-04,2.28208344e-04,2.49954435e-04
394,3.68495268e-04,1.63787961e-04,2.35183412e-04
395,2.42212394e-04,2.19984286e-04,2.22149174e-04
396,3.48791335e-04,5.85343048e-04,3.07893119e-04
397,6.88232074e-04,1.25986419e-03,4.92415274e-04
398,1.06332032e-03,1.68030453e-03,5.65849710e-04
399,1.36359630e-03,1.67943456e-03,4.72724612e-04
400,1.54016481e-03,1.30774395e-03,3.05988768e-04
401,1.56372401e-03,1.06219284e-03,4.10387875e-04
402,1.43905496e-03,9.69704299e-04,7.96565553e-04
403,1.24241039e-03,9.06311965e-04,1.27273775e-03
404,1.08336401e-03,7.41938769e-04,1.61307771e-03
405,9.53795039e-04,4.98350535e-04,1.78424665e-03
406,7.69067788e-04,4.02537698e-04,1.64993235e-03
407,5.18941612e-04,4.82004485e-04,1.24713115e-03
408,3.41071573e-04,6.19701110e-04,8.04729236e-04
409,4.12852794e-04,5.73756406e-04,7.39204348e-04
410,7.34285277e-04,3.44170228e-04,1.05055654e-03
411,9.54776071e-04,1.23465710e-04,1.37035013e-03
412,9.34333890e-04,8.74228681e-06,1.50171120e-03
413,7.07473722e-04,0.00000000e+00,1.43315643e-03
414,5.68483549e-04,0.00000000e+00,1.31321233e-03
415,5.37237735e-04,0.00000000e+00,1.15742267e-03
416,6.09266746e-04,1.63965175e-04,1.09322893e-03
417,7.22610508e-04,5.53394551e-04,1.18848740e-03
418,8.51428136e-04,1.11848197e-03,1.41695398e-03
419,8.04633659e-04,1.38487294e-03,1.49912026e-03
420,5.70957840e-04,1.29106827e-03,1.39149302e-03
421,3.59002588e-04,9.73415852e-04,1.19135820e-03
422,4.77240101e-04,8.12117301e-04,1.11957465e-03
423,9.25670436e-04,8.07172619e-04,1.17614260e-03
424,1.45397778e-03,1.00381917e-03,1.10552332e-03
425,1.91285030e-03,1.33591110e-03,8.45274888e-04
426,2.18180288e-03,1.77281757e-03,5.93603181e-04
427,2.14506150e-03,2.13615270e-03,8.36592168e-04
428,1.80450559e-03,2.42225011e-03,1.57937489e-03
429,1.46867055e-03,2.54886062e-03,2.32595135e-03
430,1.36091548e-03,2.53856299e-03,2.71134358e-03
431,1.48906652e-03,2.38930248e-03,2.78679281e-03
432,1.68772787e-03,2.20801565e-03,2.99840677e-03
433,1.91686954e-03,2.01872946e-03,3.40957590e-03
434,2.39929347e-03,2.12012441e-03,3.95438541e-03
435,3.21435602e-03,2.64934846e-03,4.47803037e-03
436,4.33000457e-03,3.59005667e-03,4.97514289e-03
437,5.31248748e-03,4.54204297e-03,5.42638265e-03
438,6.05979376e-03,5.37410472e-03,5.83824003e-03
439,6.79767039e-03,6.37735473e-03,6.47502393e-03
440,7.86580984e-03,7.84910377e-03,7.55332178e-03
441,9.26426146e-03,9.77077056e-03,9.07136686e-03
442,1.08005023e-02,1.14345662e-02,1.07290493e-02
443,1.23379650e-02,1.26467608e-02,1.23437978e-02
444,1.38476109e-02,1.36577981e-02,1.39720747e-02
445,1.52993100e-02,1.51322894e-02,1.57096758e-02
446,1.66930631e-02,1.70702301e-02,1.75566003e-02
447,1.83644686e-02,1.90211311e-02,1.92788970e-02
448,2.03539673e-02,2.07452178e-02,2.08152216e-02
449,2.24978365e-02,2.22110152e-02,2.21926402e-02
450,2.42741909e-02,2.35957708e-02,2.36259829e-02
451,2.56715454e-02,2.49076709e-02,2.51219701e-02
452,2.69612484e-02,2.61567272e-02,2.65980884e-02
453,2.83699296e-02,2.73820646e-02,2.80129071e-02
454,2.97995321e-02,2.85459422e-02,2.92458534e-02
455,3.09836250e-02,2.96086986e-02,3.01571246e-02
456,3.19108553e-02,3.05725951e-02,3.07525676e-02
457,3.23238596e-02,3.13671678e-02,3.11252214e-02
458,3.23252976e-02,3.20364498e-02,3.14660072e-02
459,3.19555029e-02,3.25097628e-02,3.16958353e-02
460,3.16448174e-02,3.27640437e-02,3.16953324e-02
461,3.14493813e-02,3.28163914e-02,3.14688422e-02
462,3.11172493e-02,3.24905142e-02,3.10947821e-02
463,3.05335317e-02,3.18710208e-02,3.07199154e-02
464,2.97755916e-02,3.09150554e-02,3.02625019e-02
465,2.92073544e-02,2.97851954e-02,2.95622982e-02
466,2.88688019e-02,2.85280999e-02,2.86194254e-02
467,2.83727273e-02,2.73928829e-02,2.75814831e-02
468,2.75066271e-02,2.65039932e-02,2.66221855e-02
469,2.62974501e-02,2.57836003e-02,2.57243812e-02
470,2.51067802e-02,2.48760618e-02,2.47892719e-02
471,2.39947997e-02,2.37413105e-02,2.38040630e-02
472,2.29924265e-02,2.27330979e-02,2.28196941e-02
473,2.20579337e-02,2.20485348e-02,2.18749419e-02
474,2.11878978e-02,2.16256566e-02,2.10303646e-02
475,2.03185510e-02,2.10818127e-02,2.03565005e-02
476,1.94398891e-02,2.03692857e-02,1.98474992e-02
477,1.85617991e-02,1.94367636e-02,1.93251669e-02
478,1.76910069e-02,1.83765274e-02,1.86701976e-02
479,1.68462656e-02,1.72800645e-02,1.78087112e-02
480,1.60479285e-02,1.63915157e-02,1.67526621e-02
481,1.52951702e-02,1.57253239e-02,1.55170485e-02
482,1.46440240e-02,1.52375698e-02,1.45882247e-02
483,1.40723689e-02,1.48003818e-02,1.40978377e-02
484,1.34973135e-02,1.42224636e-02,1.38010560e-02
485,1.27524985e-02,1.32448925e-02,1.30149024e-02
486,1.18359765e-02,1.18708741e-02,1.17203780e-02
487,1.10210832e-02,1.07182749e-02,1.06415572e-02
488,1.03993984e-02,9.99844447e-03,1.00489343e-02
489,9.82689112e-03,9.63334739e-03,9.79499985e-03
490,9.00143851e-03,9.13961045e-03,9.28939134e-03
491,7.95936771e-03,8.53304937e-03,8.52251239e-03
492,7.14301318e-03,8.01659469e-03,7.55537394e-03
493,6.66405587e-03,7.64704403e-03,6.49909675e-03
494,6.52208738e-03,7.25274673e-03,5.63498912e-03
495,6.43438473e-03,6.62298966e-03,5.18142432e-03
496,6.34680735e-03,5.83938556e-03,5.11349412e-03
497,6.03271136e-03,5.34527376e-03,5.07173408e-03
498,5.47374506e-03,5.22027863e-03,4.91731288e-03
499,4.76953480e-03,4.97340597e-03,4.60276986e-03
500,4.12323233e-03,4.20533121e-03,4.19609062e-03
501,3.59116937e-03,3.16776708e-03,3.71967093e-03
502,3.23027209e-03,2.72771437e-03,3.28659802e-03
503,3.02811596e-03,2.99699116e-03,2.91663804e-03
504,2.82952003e-03,3.39072268e-03,2.72434577e-03
505,2.52456521e-03,3.42598837e-03,2.67940597e-03
506,2.27481057e-03,3.10046785e-03,2.67784600e-03
507,2.33489461e-03,2.74508656e-03,2.48245872e-03
508,2.67456844e-03,2.40969355e-03,2.10277410e-03
509,2.76834774e-03,2.33320077e-03,1.83488871e-03
510,2.46044551e-03,2.51784548e-03,1.77905860e-03
511,2.02932814e-03,2.85163010e-03,1.78558147e-03
512,1.95005292e-03,3.05758836e-03,1.60242023e-03
513,2.15077912e-03,3.04634403e-03,1.27425173e-03
514,2.20553018e-03,2.67486251e-03,1.04606163e-03
515,2.00317428e-03,1.98351801e-03,9.77762858e-04
516,1.69241882e-03,1.25970121e-03,1.05734973e-03
517,1.46901177e-03,7.60899333e-04,1.17406237e-03
518,1.37005339e-03,5.74705016e-04,1.34123734e-03
519,1.35792885e-03,5.95779857e-04,1.54031429e-03
520,1.43274886e-03,7.98497058e-04,1.76223635e-03
521,1.65589363e-03,1.10803870e-03,1.95087912e-03
522,1.98811037e-03,1.43172883e-03,2.09213188e-03
523,2.19999719e-03,1.65017298e-03,2.08466710e-03
524,2.10523908e-03,1.70322112e-03,1.92875112e-03
525,1.77970529e-03,1.63201615e-03,1.63522444e-03
526,1.59250794e-03,1.63608661e-03,1.33149291e-03
527,1.63148216e-03,1.76280772e-03,1.06007792e-03
528,1.63828640e-03,1.63598428e-03,9.58626915e-04
529,1.45554973e-03,1.16112968e-03,1.01141550e-03
530,1.15959521e-03,5.34276653e-04,1.07541552e-03
531,9.84772691e-04,2.23725161e-04,9.04919696e-04
532,9.52125993e-04,2.43509377e-04,5.31702710e-04
533,1.03126501e-03,4.01063910e-04,2.22134171e-04
534,1.17031182e-03,5.63141133e-04,7.34334171e-05
535,1.30569492e-03,7.47854065e-04,1.00950296e-04
536,1.38451811e-03,9.54426301e-04,1.88767051e-04
537,1.29841885e-03,1.11033185e-03,3.89623689e-04
538,9.99295386e-04,1.13101467e-03,6.98193035e-04
539,5.55607723e-04,1.05302560e-03,1.05534238e-03
540,3.55077122e-04,1.12715119e-03,1.17343548e-03
541,4.95401677e-04,1.41877925e-03,1.00492279e-03
542,7.59860850e-04,1.70598482e-03,7.56360707e-04
543,8.39616754e-04,1.77581201e-03,6.92053582e-04
544,8.13690363e-04,1.62762706e-03,8.25166644e-04
545,9.14457836e-04,1.44349399e-03,1.01370725e-03
546,1.13834417e-03,1.24635734e-03,1.21126615e-03
547,1.25087902e-03,9.81590245e-04,1.32472720e-03
548,1.17490941e-03,6.49811642e-04,1.34123652e-03
549,8.98445724e-04,4.12280642e-04,1.20271416e-03
550,5.68802876e-04,3.51255643e-04,9.75553237e-04
551,2.88719573e-04,4.03895770e-04,7.19716889e-04
552,1.96459383e-04,3.63674772e-04,5.64692018e-04
553,2.75771221e-04,2.20963018e-04,5.21794544e-04
554,3.30586714e-04,1.05073341e-04,5.22480696e-04
555,2.67687516e-04,7.30233078e-05,5.12344413e-04
556,1.45781931e-04,2.66407616e-04,4.98807582e-04
557,6.21941799e-05,6.37254387e-04,4.91053623e-04
558,6.77884163e-05,1.06504932e-03,4.47582861e-04
559,1.63592587e-04,1.30707107e-03,3.34372278e-04
560,3.08766117e-04,1.32204627e-03,1.71344713e-04
561,3.62199266e-04,1.17471174e-03,5.02729854e-05
562,2.88540818e-04,9.48826841e-04,0.00000000e+00
563,4.18145763e-04,6.64072752e-04,7.15589704e-05
564,8.42573354e-04,3.76213051e-04,2.14997199e-04
565,1.38528482e-03,3.22206732e-04,5.49320481e-04
566,1.67961966e-03,6.03332941e-04,1.05228159e-03
567,1.65378209e-03,1.01727794e-03,1.56819168e-03
568,1.38866156e-03,1.05251023e-03,1.76719856e-03
569,1.00741908e-03,6.61037047e-04,1.60834624e-03
570,8.70369666e-04,3.36093188e-04,1.29543024e-03
571,1.07316277e-03,3.52251314e-04,1.03929616e-03
572,1.25031825e-03,5.69955388e-04,8.70550633e-04
573,1.06736389e-03,6.85653766e-04,7.46280246e-04
574,7.04215723e-04,6.68340363e-04,6.24170760e-04
575,5.91054966e-04,5.87607326e-04,4.38282004e-04
576,7.44856196e-04,4.83362935e-04,2.23358962e-04
577,9.34566197e-04,4.37006907e-04,9.61287515e-05
578,1.04365731e-03,4.69165097e-04,7.95454180e-05
579,1.08297705e-03,5.60509856e-04,9.60863836e-05
580,1.10366219e-03,6.60647347e-04,7.13384143e-05
581,1.08597975e-03,6.38950267e-04,1.25215403e-04
582,1.04293309e-03,4.64512152e-04,3.15495447e-04
583,9.58022312e-04,2.50588666e-04,5.58642729e-04
584,8.42149660e-04,2.00035109e-04,6.84861443e-04
585,7.35788781e-04,3.23355460e-04,7.06024817e-04
586,7.17372983e-04,4.86232108e-04,7.60384137e-04
587,7.98424182e-04,5.95414371e-04,8.87395290e-04
588,9.47578927e-04,5.41246496e-04,9.67158529e-04
589,1.10290374e-03,3.44790198e-04,9.44958301e-04
590,1.18572870e-03,1.23667138e-04,8.21312249e-04
591,1.18378329e-03,8.73706722e-06,6.82484068e-04
592,1.02049136e-03,0.00000000e+00,6.51763694e-04
593,7.40774500e-04,0.00000000e+00,7.96012057e-04
594,4.25624952e-04,1.64989779e-05,1.05071883e-03
595,2.29417565e-04,6.68386274e-05,1.22347579e-03
596,1.88352307e-04,1.31937515e-04,1.21848704e-03
597,2.36898704e-04,1.46606675e-04,9.92124900e-04
598,2.90930271e-04,9.83067657e-05,6.24708075e-04
599,2.75727216e-04,6.02993932e-05,2.85466958e-04
600,1.82802352e-04,8.12746148e-05,8.37885018e-05
601,1.59154763e-04,1.40545701e-04,1.10540132e-04
602,2.94007419e-04,1.81919211e-04,2.52296304e-04
603,6.13909680e-04,3.28557711e-04,6.16565347e-04
604,9.89591354e-04,6.49233873e-04,1.14744529e-03
605,1.20234292e-03,9.68217035e-04,1.53267605e-03
606,1.03842549e-03,9.96714574e-04,1.38582557e-03
607,6.34689466e-04,8.06993514e-04,8.11166596e-04
608,4.77349822e-04,8.17680208e-04,3.97567928e-04
609,7.10713619e-04,1.13987958e-03,4.27704421e-04
610,9.80356243e-04,1.38628588e-03,7.69171224e-04
611,1.00229890e-03,1.31694518e-03,1.13127788e-03
612,9.73394723e-04,1.09191309e-03,1.38020364e-03
613,1.09981711e-03,9.73339658e-04,1.49791408e-03
614,1.32078736e-03,8.76671576e-04,1.47432601e-03
615,1.47195207e-03,6.81766833e-04,1.43754692e-03
616,1.54150988e-03,5.47860167e-04,1.35130796e-03
617,1.58382684e-03,6.26815076e-04,1.21129537e-03
618,1.46830129e-03,7.68806320e-04,9.77642834e-04
619,1.09366130e-03,6.82716840e-04,6.53072377e-04
620,5.65772003e-04,3.73698305e-04,3.36967729e-04
621,1.67092265e-04,1.09185276e-04,1.88820195e-04
622,9.97500101e-05,7.66867015e-05,2.62566347e-04
623,4.88203135e-04,3.43518739e-04,5.25940792e-04
624,1.12546235e-03,7.50596460e-04,8.17718450e-04
625,1.57016108e-03,9.40677070e-04,8.83250206e-04
626,1.60353573e-03,7.80475908e-04,6.82034355e-04
627,1.46275293e-03,5.22018760e-04,5.49964781e-04
628,1.50012516e-03,4.66921891e-04,7.21300894e-04
629,1.60080439e-03,4.74198750e-04,8.78604304e-04
630,1.58403441e-03,3.36688216e-04,7.03799888e-04
631,1.42030546e-03,3.03360343e-04,4.25261853e-04
632,1.21124997e-03,5.64407615e-04,4.01298137e-04
633,9.23802087e-04,8.32733815e-04,5.95414429e-04
634,5.70720062e-04,7.40865245e-04,7.54513778e-04
635,3.54049931e-04,6.15846075e-04,7.66012294e-04
636,4.30769578e-04,9.81499208e-04,6.56506221e-04
637,8.49089818e-04,1.69444096e-03,6.68238208e-04
638,1.43939827e-03,2.15687579e-03,1.03969604e-03
639,1.87841721e-03,2.16633920e-03,1.56554545e-03
640,1.90587994e-03,2.01000459e-03,1.76378340e-03
641,1.50911929e-03,1.89352583e-03,1.59744895e-03
642,9.15416167e-04,1.78165990e-03,1.51053560e-03
643,4.98786045e-04,1.69200590e-03,1.66407705e-03
644,5.17183158e-04,1.71307358e-03,1.72411359e-03
645,8.43659684e-04,1.78183825e-03,1.49935891e-03
646,1.07387314e-03,1.67513953e-03,1.12137629e-03
647,1.10255333e-03,1.38801045e-03,8.65704147e-04
648,1.54523971e-03,1.22551504e-03,9.73076443e-04
649,2.43695802e-03,1.30923127e-03,1.30219571e-03
650,2.73936591e-03,1.33553986e-03,1.32989592e-03
651,2.09239079e-03,1.10699853e-03,9.24634340e-04
652,1.44581369e-03,8.41856701e-04,7.95199594e-04
653,1.63474702e-03,7.87314610e-04,1.29156758e-03
654,2.28087744e-03,1.02590572e-03,1.73387351e-03
655,2.62572663e-03,1.36441074e-03,1.57783774e-03
656,2.45862338e-03,1.52950000e-03,1.30243914e-03
657,2.03208905e-03,1.41989358e-03,1.42601330e-03
658,1.57229730e-03,1.19178090e-03,1.53267279e-03
659,1.31326227e-03,1.10002700e-03,1.26667356e-03
660,1.09044486e-03,1.13290187e-03,9.97214345e-04
661,7.22164114e-04,1.16594916e-03,1.08275295e-03
662,3.46386340e-04,1.17848138e-03,1.42610131e-03
663,1.55173519e-04,1.19576394e-03,1.69613853e-03
664,6.40223210e-04,1.49863621e-03,1.87303440e-03
665,1.62120501e-03,2.03752401e-03,2.05471087e-03
666,2.52760877e-03,2.13868381e-03,2.55043223e-03
667,2.85818917e-03,1.57702086e-03,3.27547616e-03
668,2.68623349e-03,8.44571798e-04,3.32884165e-03
669,2.53922679e-03,5.84015739e-04,2.52411654e-03
670,2.45375698e-03,7.16628158e-04,1.74406532e-03
671,2.40451470e-03,8.67456023e-04,1.80094806e-03
672,2.34162598e-03,1.28185714e-03,2.28938041e-03
673,2.17335415e-03,1.85366662e-03,2.39418983e-03
674,1.69293466e-03,2.00349349e-03,1.99597026e-03
675,1.01401459e-03,1.58424466e-03,1.42817933e-03
676,4.12459340e-04,1.02831027e-03,8.88387789e-04
677,2.06385856e-04,8.76551436e-04,6.30227267e-04
678,5.82811888e-04,1.05577765e-03,8.01948132e-04
679,1.09117851e-03,1.22663321e-03,1.24503940e-03
680,1.18610752e-03,1.30668923e-03,1.87299156e-03
681,7.46480364e-04,1.27412507e-03,2.35025305e-03
682,2.03591233e-04,1.16604334e-03,2.47244164e-03
683,1.54798050e-04,1.13205239e-03,2.20832415e-03
684,6.41343766e-04,1.25927187e-03,1.65220536e-03
685,1.26420532e-03,1.57184596e-03,1.29550404e-03
686,1.70192728e-03,2.01389682e-03,1.41859578e-03
687,1.98369776e-03,2.13777716e-03,1.72547775e-03
688,2.43168650e-03,1.69823796e-03,1.72370812e-03
689,2.87483539e-03,1.21536572e-03,1.53308781e-03
690,2.96582864e-03,1.27600238e-03,1.64519658e-03
691,2.65245768e-03,1.53369887e-03,2.20969482e-03
692,2.29135132e-03,1.30432914e-03,2.85026059e-03
693,2.52940319e-03,8.77007376e-04,3.24995304e-03
694,3.34806647e-03,8.79221247e-04,3.44902603e-03
695,3.51635064e-03,1.24411436e-03,3.28624528e-03
696,2.64939130e-03,1.45532377e-03,2.96409032e-03
697,1.63317577e-03,1.44167920e-03,2.78668432e-03
698,1.51363178e-03,1.39389501e-03,2.81923055e-03
699,1.61987648e-03,1.24600832e-03,2.65711872e-03
700,1.22043432e-03,1.08222757e-03,2.08426383e-03
701,8.61097069e-04,1.05285819e-03,1.33547571e-03
702,1.12976471e-03,1.14304980e-03,9.58202465e-04
703,1.85570621e-03,1.19427487e-03,1.07223506e-03
704,2.33634398e-03,1.50732382e-03,1.52509043e-03
705,2.34040106e-03,2.42252159e-03,2.12012674e-03
706,1.89421035e-03,3.23466468e-03,2.30595004e-03
707,1.34051021e-03,3.27586452e-03,2.00265436e-03
708,8.79061176e-04,2.60320934e-03,1.83154852e-03
709,4.54591471e-04,2.01538368e-03,2.15052790e-03
710,1.70494575e-04,1.50442543e-03,2.37583206e-03
711,6.64508916e-05,8.65674694e-04,1.95437414e-03
712,2.77118350e-04,4.40992910e-04,1.05230266e-03
713,5.72716235e-04,3.96947871e-04,4.66700032e-04
714,7.54049746e-04,5.10236772e-04,2.96869694e-04
715,1.11985288e-03,8.35449260e-04,4.89097671e-04
716,2.08975608e-03,1.73547480e-03,1.01442740e-03
717,3.04082152e-03,2.36194348e-03,1.54133269e-03
718,3.29623581e-03,2.02332251e-03,1.90821372e-03
719,2.66626989e-03,1.51523855e-03,1.94569095e-03
720,1.96005311e-03,1.76516885e-03,1.89148344e-03
721,1.56206277e-03,2.61973660e-03,2.13160878e-03
722,1.58304046e-03,3.02978628e-03,2.67281150e-03
723,2.41277064e-03,3.08473408e-03,3.30142770e-03
724,3.15808598e-03,2.85915891e-03,3.39731784e-03
725,3.01406509e-03,2.03973916e-03,2.82538706e-03
726,2.03536195e-03,1.20170158e-03,2.14980496e-03
727,1.09812513e-03,8.89618997e-04,1.77412492e-03
728,8.27298209e-04,1.06700009e-03,2.09242525e-03
729,8.36325169e-04,1.23676681e-03,2.53661885e-03
730,1.29620696e-03,1.67122576e-03,2.44943216e-03
731,1.72952190e-03,2.30580452e-03,2.13136966e-03
732,1.55510695e-03,2.56251311e-03,2.29070359e-03
733,8.52054334e-04,2.00329116e-03,2.53164652e-03
734,2.05527234e-04,1.01675862e-03,1.98745774e-03
735,6.63464161e-05,1.59143633e-03,8.30921752e-04
736,1.52347886e-04,3.29901348e-03,6.08016890e-05
737,7.09369488e-04,4.20629047e-03,1.63943667e-04
738,1.40931644e-03,3.20364721e-03,5.84560097e-04
739,1.72544946e-03,1.20886101e-03,1.45116518e-03
740,1.73355849e-03,4.63516393e-04,2.23726244e-03
741,1.97735522e-03,6.47133566e-04,2.61899852e-03
742,2.26562028e-03,8.49679695e-04,2.47799326e-03
743,2.23482773e-03,8.52234429e-04,2.21056631e-03
744,2.01379438e-03,7.80891743e-04,1.88076322e-03
745,1.86104444e-03,8.57413805e-04,1.39312306e-03
746,1.38499087e-03,8.44973722e-04,7.66589481e-04
747,1.32110459e-03,1.44163833e-03,9.74739029e-04
748,1.96385500e-03,2.68092658e-03,1.99981546e-03
749,2.34026485e-03,3.06193111e-03,2.86482787e-03
750,2.01116968e-03,2.32232688e-03,2.75313761e-03
751,1.73955399e-03,1.40335807e-03,1.77840958e-03
752,1.96831441e-03,1.55941350e-03,1.58721395e-03
753,1.92461954e-03,2.01499066e-03,2.19159457e-03
754,1.56711263e-03,2.13625818e-03,2.31357734e-03
755,1.47892628e-03,2.06026318e-03,1.69395783e-03
756,1.52067025e-03,1.52834493e-03,8.16528045e-04
757,1.11701502e-03,1.04201864e-03,9.12748044e-04
758,5.54928090e-04,1.07790553e-03,1.55207538e-03
759,6.06282498e-04,1.96230435e-03,1.61861698e-03
760,8.89003393e-04,2.78173061e-03,1.49155292e-03
761,9.24073742e-04,2.95589888e-03,1.76662614e-03
762,5.28422650e-04,2.61985837e-03,2.19644466e-03
763,8.35117753e-05,2.07797601e-03,2.17961706e-03
764,0.00000000e+00,1.79523428e-03,1.47809635e-03
765,0.00000000e+00,1.53352169e-03,8.64754955e-04
766,0.00000000e+00,1.10284565e-03,5.01472561e-04
767,3.26330308e-04,7.87278521e-04,2.13768333e-04
768,8.91155447e-04,7.84742995e-04,8.65754992e-05
769,1.19558058e-03,1.21950416e-03,2.46500975e-04
770,1.23194489e-03,1.37088320e-03,4.36801929e-04
771,1.29663630e-03,9.61792539e-04,5.32330829e-04
772,1.96220097e-03,6.26546971e-04,1.25149707e-03
773,2.73073395e-03,5.50417928e-04,2.15937290e-03
774,3.10239918e-03,7.07972620e-04,2.43060337e-03
775,2.86648818e-03,9.06181405e-04,1.76853803e-03
776,2.16373149e-03,1.32413965e-03,8.46829906e-04
777,1.59102131e-03,1.89653330e-03,6.16410805e-04
778,1.28541340e-03,2.20135762e-03,5.64376591e-04
779,1.28541340e-03,2.20135762e-03,5.64376591e-04
780,0.00000000e+00,0.00000000e+00,0.00000000e+00
