wavelength_nm,spectral_irradiance_W_m2_nm,spectral_irradiance_std_W_m2_nm,spectral_irradiance_uW_cm2_nm,photon_irradiance_photons_m2_s_nm,display_increment_W_m2_nm
380,4.07979350e-07,4.49784273e-07,4.07979350e-05,7.80449931e+11,2.37626170e-07
381,4.07979350e-07,4.49784273e-07,4.07979350e-05,7.82503746e+11,2.37626170e-07
382,4.07979350e-07,4.49784273e-07,4.07979350e-05,7.84557562e+11,2.37626170e-07
383,3.95734566e-07,3.74191086e-07,3.95734566e-05,7.63002618e+11,2.36469580e-07
384,3.75899309e-07,2.79942352e-07,3.75899309e-05,7.26651240e+11,2.38109300e-07
385,5.30491506e-07,2.27211296e-07,5.30491506e-05,1.02816409e+12,3.97132918e-07
386,8.71755939e-07,2.04020446e-07,8.71755939e-05,1.69396911e+12,7.14697026e-07
387,1.29892242e-06,4.80499510e-07,1.29892242e-04,2.53056471e+12,1.10934485e-06
388,1.48553861e-06,6.58923004e-07,1.48553861e-04,2.90160932e+12,1.31002286e-06
389,1.43160420e-06,7.34122409e-07,1.43160420e-04,2.80346949e+12,1.31673078e-06
390,1.31711540e-06,7.77645668e-07,1.31711540e-04,2.58589987e+12,1.19925258e-06
391,1.31044793e-06,7.97332040e-07,1.31044793e-04,2.57940652e+12,1.07185068e-06
392,1.38925687e-06,7.55303543e-07,1.38925687e-04,2.74152297e+12,9.29334446e-07
393,1.35248795e-06,6.88701821e-07,1.35248795e-04,2.67577272e+12,7.52204632e-07
394,1.17619972e-06,6.49329428e-07,1.17619972e-04,2.33292384e+12,5.42664595e-07
395,8.96566133e-07,6.43839137e-07,8.96566133e-05,1.78280028e+12,3.44806639e-07
396,6.42252220e-07,5.97055569e-07,6.42252220e-05,1.28033633e+12,2.18174224e-07
397,4.13257910e-07,4.72075443e-07,4.13257910e-05,8.25914231e+11,1.62767212e-07
398,5.15714530e-07,2.52002121e-07,5.15714530e-05,1.03327449e+12,2.53400896e-07
399,9.59973725e-07,2.44486610e-07,9.59973725e-05,1.92821523e+12,4.65514178e-07
400,1.58923127e-06,5.93638115e-07,1.58923127e-04,3.20015019e+12,7.13386215e-07
401,1.76497215e-06,6.38711496e-07,1.76497215e-04,3.56291529e+12,7.09154975e-07
402,1.46535350e-06,3.99353645e-07,1.46535350e-04,2.96545765e+12,4.45057157e-07
403,9.85403933e-07,3.83763572e-07,9.85403933e-05,1.99913722e+12,1.03690215e-07
404,6.95419178e-07,5.45462851e-07,6.95419178e-05,1.41433177e+12,-1.04537011e-07
405,6.16220204e-07,6.33649260e-07,6.16220204e-05,1.25636036e+12,-1.64777506e-07
406,7.56435611e-07,6.85331809e-07,7.56435611e-05,1.54604193e+12,-6.91900090e-08
407,1.06432478e-06,7.22024896e-07,1.06432478e-04,2.18067955e+12,1.45962241e-07
408,1.38458846e-06,7.07258361e-07,1.38458846e-04,2.84383332e+12,3.88316713e-07
409,1.44567203e-06,6.24275872e-07,1.44567203e-04,2.97657173e+12,4.81275645e-07
410,1.24757537e-06,4.61745583e-07,1.24757537e-04,2.57498033e+12,4.24838935e-07
411,1.00831239e-06,3.42228678e-07,1.00831239e-04,2.08622043e+12,3.70025276e-07
412,8.60095197e-07,4.02629576e-07,8.60095197e-05,1.78388563e+12,3.95323229e-07
413,8.19023349e-07,5.15211659e-07,8.19023349e-05,1.70282337e+12,4.96599891e-07
414,8.35718926e-07,4.17496348e-07,8.35718926e-05,1.74174209e+12,5.91583508e-07
415,9.02671579e-07,1.82482024e-07,9.02671579e-05,1.88582389e+12,6.73665693e-07
416,9.62314407e-07,4.18586888e-07,9.62314407e-05,2.01527161e+12,6.41062541e-07
417,9.64936702e-07,6.67175553e-07,9.64936702e-05,2.02562080e+12,4.62816216e-07
418,9.19367661e-07,8.92604581e-07,9.19367661e-05,1.93458926e+12,1.63395715e-07
419,9.22098687e-07,7.84189115e-07,9.22098687e-05,1.94497800e+12,1.20766267e-09
420,9.88683196e-07,2.65632767e-07,9.88683196e-05,2.09040151e+12,1.59789137e-08
421,1.08673678e-06,4.51616041e-07,1.08673678e-04,2.30318980e+12,2.16084982e-07
422,1.14223393e-06,8.45262846e-07,1.14223393e-04,2.42655856e+12,4.75531960e-07
423,1.15517456e-06,9.39249324e-07,1.15517456e-04,2.45986488e+12,7.94319581e-07
424,1.28405522e-06,7.63722834e-07,1.28405522e-04,2.74077147e+12,1.09517919e-06
425,1.55163207e-06,4.51741938e-07,1.55163207e-04,3.31971610e+12,1.35037920e-06
426,1.80839938e-06,3.76340022e-07,1.80839938e-04,3.87817333e+12,1.44499591e-06
427,1.69193027e-06,5.23181934e-07,1.69193027e-04,3.63691878e+12,1.24858745e-06
428,1.19847053e-06,5.20484095e-07,1.19847053e-04,2.58222688e+12,7.62389827e-07
429,8.32176380e-07,3.47916430e-07,8.32176380e-05,1.79719807e+12,4.22255544e-07
430,8.96026632e-07,6.33800795e-08,8.96026632e-05,1.93960208e+12,4.71365774e-07
431,1.34864748e-06,3.11860958e-07,1.34864748e-04,2.92616616e+12,8.78169850e-07
432,1.71563258e-06,5.27013678e-07,1.71563258e-04,3.73105199e+12,1.23041605e-06
433,1.92148867e-06,5.61669814e-07,1.92148867e-04,4.18840812e+12,1.45978945e-06
434,1.93216015e-06,4.34098446e-07,1.93216015e-04,4.22139624e+12,1.54599885e-06
435,1.83403826e-06,2.66593004e-07,1.83403826e-04,4.01625164e+12,1.55743588e-06
436,1.66407309e-06,1.63431497e-07,1.66407309e-04,3.65243214e+12,1.51896493e-06
437,1.73185641e-06,2.15459444e-07,1.73185641e-04,3.80992641e+12,1.64000046e-06
438,2.07075174e-06,2.56121452e-07,2.07075174e-04,4.56588967e+12,1.94347270e-06
439,2.63145729e-06,2.57880548e-07,2.63145729e-04,5.81546055e+12,2.41949100e-06
440,3.17110183e-06,2.37503670e-07,3.17110183e-04,7.02402636e+12,2.92104000e-06
441,3.69575154e-06,3.85661228e-07,3.69575154e-04,8.20473624e+12,3.45221538e-06
442,4.35914278e-06,5.02878039e-07,4.35914278e-04,9.69943933e+12,4.09349980e-06
443,5.16998488e-06,4.79671953e-07,5.16998488e-04,1.15296538e+13,4.83433631e-06
444,6.12402350e-06,4.89062402e-07,6.12402350e-04,1.36880974e+13,5.70340093e-06
445,7.08168202e-06,4.95138186e-07,7.08168202e-04,1.58642557e+13,6.63796766e-06
446,8.04296198e-06,3.84578786e-07,8.04296198e-04,1.80581868e+13,7.63803792e-06
447,9.04157106e-06,2.95206580e-07,9.04157106e-04,2.03457962e+13,8.69615916e-06
448,1.00770304e-05,2.76407985e-07,1.00770304e-03,2.27265676e+13,9.78054827e-06
449,1.10500734e-05,3.89545276e-07,1.10500734e-03,2.49766836e+13,1.07888413e-05
450,1.17946438e-05,4.14151097e-07,1.17946438e-03,2.67190253e+13,1.15611093e-05
451,1.23094137e-05,3.52598649e-07,1.23094137e-03,2.79471276e+13,1.20964065e-05
452,1.25828780e-05,2.50638647e-07,1.25828780e-03,2.86313408e+13,1.23219299e-05
453,1.27338860e-05,1.37047233e-07,1.27338860e-03,2.90390516e+13,1.23538108e-05
454,1.27282832e-05,4.40044221e-07,1.27282832e-03,2.90903502e+13,1.22057996e-05
455,1.26215263e-05,6.03640999e-07,1.26215263e-03,2.89098968e+13,1.20753330e-05
456,1.24252963e-05,6.07992396e-07,1.24252963e-03,2.85229779e+13,1.19808834e-05
457,1.21723454e-05,6.01687555e-07,1.21723454e-03,2.80035915e+13,1.17792610e-05
458,1.19177690e-05,5.99592228e-07,1.19177690e-03,2.74779108e+13,1.14277518e-05
459,1.16212520e-05,5.25000796e-07,1.16212520e-03,2.68527564e+13,1.09375303e-05
460,1.12093200e-05,4.09414570e-07,1.12093200e-03,2.59573507e+13,1.04587925e-05
461,1.06821948e-05,2.87708114e-07,1.06821948e-03,2.47904658e+13,1.00119851e-05
462,1.00968129e-05,2.00026542e-07,1.00968129e-03,2.34827823e+13,9.59640343e-06
463,9.53119341e-06,1.10175867e-07,9.53119341e-04,2.22152672e+13,9.19327051e-06
464,9.03718484e-06,8.10392934e-08,9.03718484e-04,2.11093283e+13,8.81578342e-06
465,8.70025065e-06,1.80681505e-07,8.70025065e-04,2.03661053e+13,8.47945557e-06
466,8.51725135e-06,3.59769198e-07,8.51725135e-04,1.99806056e+13,8.18230969e-06
467,8.53678553e-06,5.74372158e-07,8.53678553e-04,2.00694060e+13,8.10263898e-06
468,8.67627871e-06,7.38215027e-07,8.67627871e-04,2.04410225e+13,8.25165627e-06
469,9.09070112e-06,7.81387978e-07,9.09070112e-04,2.14631514e+13,8.74698234e-06
470,9.97706069e-06,6.22650502e-07,9.97706069e-04,2.36060727e+13,9.62289117e-06
471,1.13158449e-05,2.87659866e-07,1.13158449e-03,2.68306480e+13,1.08421845e-05
472,1.33281527e-05,2.21870734e-07,1.33281527e-03,3.16690639e+13,1.27585424e-05
473,1.57815746e-05,5.22748476e-07,1.57815746e-03,3.75780933e+13,1.52277178e-05
474,1.89769380e-05,7.01075597e-07,1.89769380e-03,4.52822238e+13,1.85406823e-05
475,2.30562817e-05,6.52928389e-07,2.30562817e-03,5.51323047e+13,2.27272691e-05
476,2.79545585e-05,3.74327055e-07,2.79545585e-03,6.69858170e+13,2.77059587e-05
477,3.48213886e-05,1.06901607e-07,3.48213886e-03,8.36156813e+13,3.45989724e-05
478,4.33235727e-05,3.29131078e-07,4.33235727e-03,1.04249847e+14,4.30853357e-05
479,5.47004826e-05,5.12617478e-07,5.47004826e-03,1.31901562e+14,5.44239313e-05
480,6.92745845e-05,4.86690504e-07,6.92745845e-03,1.67393440e+14,6.90023904e-05
481,8.68609647e-05,5.01768123e-07,8.68609647e-03,2.10326014e+14,8.66405489e-05
482,1.08694514e-04,7.86984647e-07,1.08694514e-02,2.63741171e+14,1.08521348e-04
483,1.33158013e-04,1.02766716e-06,1.33158013e-02,3.23770819e+14,1.32997617e-04
484,1.61656424e-04,1.18485374e-06,1.61656424e-02,3.93877885e+14,1.61481206e-04
485,1.93267808e-04,1.09454567e-06,1.93267808e-02,4.71872346e+14,1.93090226e-04
486,2.27849474e-04,7.33252882e-07,2.27849474e-02,5.57452114e+14,2.27684129e-04
487,2.64894823e-04,4.09949261e-07,2.64894823e-02,6.49420061e+14,2.64756294e-04
488,3.02851637e-04,7.95137857e-07,3.02851637e-02,7.44000137e+14,3.02746891e-04
489,3.41152201e-04,1.12594000e-06,3.41152201e-02,8.39808574e+14,3.41066766e-04
490,3.78459612e-04,9.07424778e-07,3.78459612e-02,9.33552804e+14,3.78355277e-04
491,4.14425075e-04,4.93233746e-07,4.14425075e-02,1.02435569e+15,4.14260413e-04
492,4.46712156e-04,9.97397761e-07,4.46712156e-02,1.10641012e+15,4.46440441e-04
493,4.75759357e-04,1.40059957e-06,4.75759357e-02,1.18074883e+15,4.75350736e-04
494,4.99020080e-04,1.40678088e-06,4.99020080e-02,1.24098987e+15,4.98505920e-04
495,5.17905951e-04,1.28681464e-06,5.17905951e-02,1.29056347e+15,5.17373895e-04
496,5.31741281e-04,1.20325716e-06,5.31741281e-02,1.32771641e+15,5.31253134e-04
497,5.41040977e-04,1.33501389e-06,5.41040977e-02,1.35366068e+15,5.40509511e-04
498,5.47284464e-04,1.72093939e-06,5.47284464e-02,1.37203671e+15,5.46592813e-04
499,5.49018622e-04,1.86246085e-06,5.49018622e-02,1.37914805e+15,5.48192632e-04
500,5.48042556e-04,1.49429574e-06,5.48042556e-02,1.37945505e+15,5.47231022e-04
501,5.44210176e-04,8.97448903e-07,5.44210176e-02,1.37254835e+15,5.43518798e-04
502,5.39384862e-04,8.49267328e-07,5.39384862e-02,1.36309379e+15,5.38724116e-04
503,5.34148077e-04,9.08845478e-07,5.34148077e-02,1.35254873e+15,5.33396517e-04
504,5.28257668e-04,7.94501822e-07,5.28257668e-02,1.34029258e+15,5.27477106e-04
505,5.21949570e-04,1.04886324e-06,5.21949570e-02,1.32691526e+15,5.21290813e-04
506,5.15748064e-04,1.96206993e-06,5.15748064e-02,1.31374595e+15,5.15331213e-04
507,5.10546943e-04,2.65555523e-06,5.10546943e-02,1.30306748e+15,5.10322328e-04
508,5.06489098e-04,2.93535626e-06,5.06489098e-02,1.29526038e+15,5.06389609e-04
509,5.04143695e-04,2.44824299e-06,5.04143695e-02,1.29180033e+15,5.04067430e-04
510,5.03005187e-04,1.91872459e-06,5.03005187e-02,1.29141524e+15,5.02879855e-04
511,5.03664394e-04,2.04922343e-06,5.03664394e-02,1.29564319e+15,5.03448794e-04
512,5.05353053e-04,1.61856640e-06,5.05353053e-02,1.30253116e+15,5.05082697e-04
513,5.08531213e-04,5.33743669e-07,5.08531213e-02,1.31328277e+15,5.08221215e-04
514,5.13681253e-04,8.77348492e-07,5.13681253e-02,1.32916869e+15,5.13269835e-04
515,5.20477891e-04,8.18585643e-07,5.20477891e-02,1.34937538e+15,5.19892057e-04
516,5.29225568e-04,6.37672963e-07,5.29225568e-02,1.37471853e+15,5.28572007e-04
517,5.38842002e-04,1.23164050e-06,5.38842002e-02,1.40241081e+15,5.38301720e-04
518,5.50216437e-04,2.05669933e-06,5.50216437e-02,1.43478421e+15,5.49891022e-04
519,5.63525180e-04,2.42583327e-06,5.63525180e-02,1.47232590e+15,5.63272903e-04
520,5.78803241e-04,2.29844845e-06,5.78803241e-02,1.51515675e+15,5.78461993e-04
521,5.96456091e-04,1.95753609e-06,5.96456091e-02,1.56436996e+15,5.95955636e-04
522,6.15542849e-04,1.81775346e-06,6.15542849e-02,1.61752894e+15,6.14896980e-04
523,6.36031032e-04,1.81808289e-06,6.36031032e-02,1.67456983e+15,6.35298859e-04
524,6.56668663e-04,1.37402747e-06,6.56668663e-02,1.73221122e+15,6.55915570e-04
525,6.77472870e-04,6.07664293e-07,6.77472870e-02,1.79050063e+15,6.76783367e-04
526,6.98370794e-04,2.04092799e-07,6.98370794e-02,1.84924767e+15,6.97820630e-04
527,7.19319463e-04,1.04214563e-06,7.19319463e-02,1.90833974e+15,7.18965656e-04
528,7.40524232e-04,2.06167228e-06,7.40524232e-02,1.96832344e+15,7.40235431e-04
529,7.61959771e-04,2.98507594e-06,7.61959771e-02,2.02913519e+15,7.61560177e-04
530,7.83334176e-04,3.55934751e-06,7.83334176e-02,2.08999964e+15,7.82695045e-04
531,8.04226895e-04,3.14057856e-06,8.04226895e-02,2.14979170e+15,8.03420710e-04
532,8.24100633e-04,1.75301427e-06,8.24100633e-02,2.20706512e+15,8.23227215e-04
533,8.41509759e-04,8.13715981e-07,8.41509759e-02,2.25792563e+15,8.40690185e-04
534,8.56652697e-04,1.00842570e-06,8.56652697e-02,2.30286941e+15,8.55976058e-04
535,8.68757407e-04,1.44988446e-06,8.68757407e-02,2.33978294e+15,8.68252753e-04
536,8.79378975e-04,1.95973311e-06,8.79378975e-02,2.37281640e+15,8.79001535e-04
537,8.87460093e-04,2.78441442e-06,8.87460093e-02,2.39908915e+15,8.87128262e-04
538,8.93348118e-04,3.29811451e-06,8.93348118e-02,2.41950359e+15,8.92986342e-04
539,8.96792273e-04,3.14351796e-06,8.96792273e-02,2.43334614e+15,8.96327958e-04
540,8.96881283e-04,2.06740315e-06,8.96881283e-02,2.43810266e+15,8.96267094e-04
541,8.94568364e-04,5.27346832e-07,8.94568364e-02,2.43631853e+15,8.93790173e-04
542,8.88772666e-04,9.66566055e-07,8.88772666e-02,2.42500838e+15,8.87933687e-04
543,8.81175240e-04,6.21347765e-07,8.81175240e-02,2.40871481e+15,8.80412062e-04
544,8.71336639e-04,1.09846262e-06,8.71336639e-02,2.38620715e+15,8.70744435e-04
545,8.60342006e-04,2.52037132e-06,8.60342006e-02,2.36042876e+15,8.59860715e-04
546,8.48266323e-04,3.48033229e-06,8.48266323e-02,2.33156827e+15,8.47826341e-04
547,8.34548831e-04,3.14994201e-06,8.34548831e-02,2.29806520e+15,8.34179601e-04
548,8.19618543e-04,1.63880488e-06,8.19618543e-02,2.26107830e+15,8.19389949e-04
549,8.03484559e-04,5.67305597e-07,8.03484559e-02,2.22061438e+15,8.03319905e-04
550,7.87110189e-04,4.78348640e-07,7.87110189e-02,2.17932244e+15,7.86850889e-04
551,7.70270825e-04,6.58258098e-07,7.70270825e-02,2.13657585e+15,7.69788559e-04
552,7.52966245e-04,1.36470042e-06,7.52966245e-02,2.09236696e+15,7.52294481e-04
553,7.35451857e-04,1.61104834e-06,7.35451857e-02,2.04739976e+15,7.34672521e-04
554,7.18789597e-04,1.28842987e-06,7.18789597e-02,2.00463272e+15,7.18046983e-04
555,7.03183135e-04,6.60081210e-07,7.03183135e-02,1.96464776e+15,7.02594075e-04
556,6.88024084e-04,4.30519169e-07,6.88024084e-02,1.92575795e+15,6.87607290e-04
557,6.72429939e-04,5.26158622e-07,6.72429939e-02,1.88549552e+15,6.72102887e-04
558,6.57223066e-04,9.07430701e-07,6.57223066e-02,1.84616394e+15,6.56894387e-04
559,6.43364906e-04,5.16194839e-07,6.43364906e-02,1.81047463e+15,6.43011006e-04
560,6.30855620e-04,6.09539006e-07,6.30855620e-02,1.77844841e+15,6.30475058e-04
561,6.18762116e-04,1.18813192e-06,6.18762116e-02,1.74747047e+15,6.18395487e-04
562,6.06512884e-04,1.39430943e-06,6.06512884e-02,1.71593019e+15,6.06206934e-04
563,5.94783167e-04,1.78723409e-06,5.94783167e-02,1.68573899e+15,5.94531867e-04
564,5.83686392e-04,2.27604753e-06,5.83686392e-02,1.65722677e+15,5.83450345e-04
565,5.73148012e-04,3.01406522e-06,5.73148012e-02,1.63019106e+15,5.72844895e-04
566,5.62506974e-04,2.83232134e-06,5.62506974e-02,1.60275673e+15,5.62075893e-04
567,5.52060028e-04,1.68557978e-06,5.52060028e-02,1.57576928e+15,5.51505456e-04
568,5.42288244e-04,5.45204146e-07,5.42288244e-02,1.55060719e+15,5.41746053e-04
569,5.33148786e-04,4.60331185e-07,5.33148786e-02,1.52715795e+15,5.32749753e-04
570,5.23915032e-04,9.10412240e-07,5.23915032e-02,1.50334613e+15,5.23592139e-04
571,5.14180541e-04,6.94178827e-07,5.14180541e-02,1.47800197e+15,5.13778299e-04
572,5.04187822e-04,4.94707938e-07,5.04187822e-02,1.45181623e+15,5.03597818e-04
573,4.94387726e-04,9.75349738e-07,4.94387726e-02,1.42608552e+15,4.93637581e-04
574,4.85063622e-04,1.61561531e-06,4.85063622e-02,1.40163155e+15,4.84231933e-04
575,4.76227462e-04,1.37287957e-06,4.76227462e-02,1.37849612e+15,4.75401136e-04
576,4.67603336e-04,4.05509437e-07,4.67603336e-02,1.35588655e+15,4.66878622e-04
577,4.58442022e-04,6.13449784e-07,4.58442022e-02,1.33162978e+15,4.57887793e-04
578,4.48582103e-04,1.09189521e-06,4.48582103e-02,1.30524804e+15,4.48217908e-04
579,4.38453188e-04,1.32707832e-06,4.38453188e-02,1.27798296e+15,4.38130089e-04
580,4.28521127e-04,1.40307788e-06,4.28521127e-02,1.25119068e+15,4.28066584e-04
581,4.17870452e-04,1.30663967e-06,4.17870452e-02,1.22219658e+15,4.17309224e-04
582,4.06164855e-04,1.10417571e-06,4.06164855e-02,1.19000447e+15,4.05709367e-04
583,3.93810501e-04,1.10928065e-06,3.93810501e-02,1.15579049e+15,3.93546291e-04
584,3.81965806e-04,1.41846770e-06,3.81965806e-02,1.12295047e+15,3.81716045e-04
585,3.70518684e-04,1.75979387e-06,3.70518684e-02,1.09116203e+15,3.70143156e-04
586,3.58605494e-04,1.49338766e-06,3.58605494e-02,1.05788345e+15,3.58206696e-04
587,3.46016099e-04,5.48704249e-07,3.46016099e-02,1.02248672e+15,3.45762670e-04
588,3.33335757e-04,4.72083892e-07,3.33335757e-02,9.86694022e+14,3.33232443e-04
589,3.21021875e-04,9.01501120e-07,3.21021875e-02,9.51860246e+14,3.20957598e-04
590,3.08512648e-04,7.36433154e-07,3.08512648e-02,9.16322293e+14,3.08353886e-04
591,2.95447846e-04,2.54602727e-07,2.95447846e-02,8.79005469e+14,2.95152987e-04
592,2.81872561e-04,3.75674904e-07,2.81872561e-02,8.40035762e+14,2.81433860e-04
593,2.68315981e-04,6.18899998e-07,2.68315981e-02,8.00985217e+14,2.67778424e-04
594,2.54939248e-04,6.93942831e-07,2.54939248e-02,7.62335973e+14,2.54365825e-04
595,2.41818637e-04,7.62501491e-07,2.41818637e-02,7.24319207e+14,2.41253798e-04
596,2.29153395e-04,9.12491312e-07,2.29153395e-02,6.87536601e+14,2.28612691e-04
597,2.17385963e-04,9.59215506e-07,2.17385963e-02,6.53324727e+14,2.16833721e-04
598,2.06395482e-04,6.77712817e-07,2.06395482e-02,6.21333312e+14,2.05790273e-04
599,1.95968027e-04,2.38908625e-07,1.95968027e-02,5.90929009e+14,1.95390743e-04
600,1.85545713e-04,1.41379376e-07,1.85545713e-02,5.60435249e+14,1.85113890e-04
601,1.75453017e-04,9.03360949e-08,1.75453017e-02,5.30833815e+14,1.75191271e-04
602,1.65726383e-04,4.89425016e-07,1.65726383e-02,5.02240131e+14,1.65540801e-04
603,1.56914403e-04,1.03591301e-06,1.56914403e-02,4.76325014e+14,1.56740315e-04
604,1.48927733e-04,8.35212216e-07,1.48927733e-02,4.52830620e+14,1.48796374e-04
605,1.41815563e-04,8.36874149e-08,1.41815563e-02,4.31919226e+14,1.41717350e-04
606,1.35113542e-04,1.09048649e-06,1.35113542e-02,4.12187457e+14,1.34961769e-04
607,1.28851324e-04,1.73149330e-06,1.28851324e-02,3.93732120e+14,1.28541066e-04
608,1.23449065e-04,1.56694299e-06,1.23449065e-02,3.77845846e+14,1.22915887e-04
609,1.18812236e-04,9.34625586e-07,1.18812236e-02,3.64251819e+14,1.18073815e-04
610,1.14626082e-04,1.01038961e-06,1.14626082e-02,3.51995047e+14,1.13870334e-04
611,1.10386173e-04,1.21413175e-06,1.10386173e-02,3.39530783e+14,1.09810947e-04
612,1.06796374e-04,1.03934543e-06,1.06796374e-02,3.29026742e+14,1.06456366e-04
613,1.03906234e-04,8.65806164e-07,1.03906234e-02,3.20645646e+14,1.03691559e-04
614,1.01627245e-04,7.18401998e-07,1.01627245e-02,3.14124487e+14,1.01418615e-04
615,9.92514715e-05,5.59633081e-07,9.92514715e-03,3.07280738e+14,9.90367080e-05
616,9.69274193e-05,4.48660140e-07,9.69274193e-03,3.00573459e+14,9.66851639e-05
617,9.48011304e-05,4.12820732e-07,9.48011304e-03,2.94457044e+14,9.45164541e-05
618,9.31257978e-05,3.92384643e-07,9.31257978e-03,2.89722183e+14,9.27971089e-05
619,9.19444536e-05,1.59635855e-07,9.19444536e-03,2.86509781e+14,9.15885871e-05
620,9.09852510e-05,5.98853943e-07,9.09852510e-03,2.83978823e+14,9.05876059e-05
621,8.97172367e-05,1.14393783e-06,8.97172367e-03,2.80472804e+14,8.92020464e-05
622,8.80010972e-05,1.25698504e-06,8.80010972e-03,2.75550840e+14,8.73465962e-05
623,8.61770958e-05,6.33603274e-07,8.61770958e-03,2.70273315e+14,8.55568705e-05
624,8.45661511e-05,4.55128632e-07,8.45661511e-03,2.65646698e+14,8.41738287e-05
625,8.32706218e-05,9.45451066e-07,8.32706218e-03,2.61996260e+14,8.30774118e-05
626,8.21468408e-05,4.88196510e-07,8.21468408e-03,2.58874019e+14,8.19671916e-05
627,8.08602919e-05,5.56599382e-07,8.08602919e-03,2.55226705e+14,8.06232503e-05
628,7.92563905e-05,1.25650273e-06,7.92563905e-03,2.50563151e+14,7.90501751e-05
629,7.72954350e-05,1.58450577e-06,7.72954350e-03,2.44752851e+14,7.71701653e-05
630,7.52788856e-05,1.80617068e-06,7.52788856e-03,2.38746492e+14,7.51967518e-05
631,7.32405186e-05,1.69243875e-06,7.32405186e-03,2.32650525e+14,7.31093674e-05
632,7.12393025e-05,1.29633009e-06,7.12393025e-03,2.26652234e+14,7.09894998e-05
633,6.91957200e-05,7.41663360e-07,6.91957200e-03,2.20498790e+14,6.88072834e-05
634,6.70427009e-05,3.23385719e-07,6.70427009e-03,2.13975489e+14,6.65685505e-05
635,6.47083918e-05,5.09298890e-07,6.47083918e-03,2.06850988e+14,6.42641998e-05
636,6.22389143e-05,8.14069661e-07,6.22389143e-03,1.99270216e+14,6.19232493e-05
637,5.99764312e-05,1.08657190e-06,5.99764312e-03,1.92328356e+14,5.97848155e-05
638,5.82376470e-05,1.39248943e-06,5.82376470e-03,1.87045716e+14,5.80461330e-05
639,5.67059182e-05,1.73642494e-06,5.67059182e-03,1.82411625e+14,5.64080297e-05
640,5.46834742e-05,1.74687996e-06,5.46834742e-03,1.76181109e+14,5.43089047e-05
641,5.20909056e-05,1.35211291e-06,5.20909056e-03,1.68090514e+14,5.17312577e-05
642,4.95320161e-05,1.00406302e-06,4.95320161e-03,1.60082663e+14,4.92214730e-05
643,4.74885789e-05,9.88233146e-07,4.74885789e-03,1.53717536e+14,4.71914806e-05
644,4.59607616e-05,1.21346862e-06,4.59607616e-03,1.49003459e+14,4.56147239e-05
645,4.46033937e-05,1.37860030e-06,4.46033937e-03,1.44827451e+14,4.41700992e-05
646,4.30943035e-05,1.14800772e-06,4.30943035e-03,1.40144369e+14,4.25865128e-05
647,4.12773068e-05,5.72138987e-07,4.12773068e-03,1.34443219e+14,4.07626333e-05
648,3.93005187e-05,9.58581782e-08,3.93005187e-03,1.28202518e+14,3.88970050e-05
649,3.74478611e-05,2.90556985e-07,3.74478611e-03,1.22347467e+14,3.71876709e-05
650,3.59148011e-05,3.64199907e-07,3.59148011e-03,1.17519542e+14,3.56029247e-05
651,3.46561670e-05,3.43854777e-07,3.46561670e-03,1.13575533e+14,3.40862776e-05
652,3.36530457e-05,3.38446302e-07,3.36530457e-03,1.10457507e+14,3.29320835e-05
653,3.26857058e-05,2.05895147e-07,3.26857058e-03,1.07447005e+14,3.21061359e-05
654,3.17028861e-05,2.17519703e-07,3.17028861e-03,1.04375800e+14,3.13768600e-05
655,3.06995021e-05,6.78943478e-07,3.06995021e-03,1.01226891e+14,3.04735290e-05
656,2.99141488e-05,1.06437397e-06,2.99141488e-03,9.87879006e+13,2.96150589e-05
657,2.93874231e-05,1.03796892e-06,2.93874231e-03,9.71963919e+13,2.89841547e-05
658,2.90579864e-05,5.46516184e-07,2.90579864e-03,9.62530893e+13,2.86562850e-05
659,2.86886046e-05,1.72614113e-07,2.86886046e-03,9.51739529e+13,2.84181763e-05
660,2.82242807e-05,7.45531131e-07,2.82242807e-03,9.37756507e+13,2.80343399e-05
661,2.77281323e-05,9.12795317e-07,2.77281323e-03,9.22667757e+13,2.74459826e-05
662,2.75489551e-05,7.58630563e-07,2.75489551e-03,9.18092392e+13,2.71195959e-05
663,2.77508491e-05,7.78909491e-07,2.77508491e-03,9.26217692e+13,2.72791763e-05
664,2.83597025e-05,7.88139205e-07,2.83597025e-03,9.47966560e+13,2.78799849e-05
665,2.90389844e-05,7.94197989e-07,2.90389844e-03,9.72134455e+13,2.84997677e-05
666,2.98428467e-05,9.39657082e-07,2.98428467e-03,1.00054758e+14,2.93422461e-05
667,3.05994724e-05,1.15805672e-06,3.05994724e-03,1.02745555e+14,3.02837989e-05
668,3.04118736e-05,1.29727393e-06,3.04118736e-03,1.02268740e+14,3.03109395e-05
669,2.94599608e-05,1.35574635e-06,2.94599608e-03,9.92159624e+13,2.94552618e-05
670,2.93956927e-05,8.45335937e-07,2.93956927e-03,9.91475001e+13,2.93514429e-05
671,3.09336285e-05,1.38532041e-07,3.09336285e-03,1.04490463e+14,3.08012721e-05
672,3.29303294e-05,6.80365768e-07,3.29303294e-03,1.11400879e+14,3.25956217e-05
673,3.39240097e-05,6.67808524e-07,3.39240097e-03,1.14933203e+14,3.33335584e-05
674,3.44018030e-05,9.15387269e-07,3.44018030e-03,1.16725131e+14,3.36406066e-05
675,3.52390856e-05,1.08672730e-06,3.52390856e-03,1.19743424e+14,3.44723482e-05
676,3.62688489e-05,9.28102585e-07,3.62688489e-03,1.23425171e+14,3.56624176e-05
677,3.73056916e-05,8.65416343e-07,3.73056916e-03,1.27141412e+14,3.68334827e-05
678,3.86921577e-05,1.24025579e-06,3.86921577e-03,1.32061404e+14,3.81503025e-05
679,4.02810276e-05,1.76269007e-06,4.02810276e-03,1.37687205e+14,3.95319411e-05
680,4.14847111e-05,1.74939870e-06,4.14847111e-03,1.42010432e+14,4.06477983e-05
681,4.21363749e-05,1.31947706e-06,4.21363749e-03,1.44453327e+14,4.14201260e-05
682,4.26947661e-05,1.12404851e-06,4.26947661e-03,1.46582553e+14,4.20917034e-05
683,4.38488747e-05,1.16596165e-06,4.38488747e-03,1.50765657e+14,4.32157873e-05
684,4.57109995e-05,1.28633991e-06,4.57109995e-03,1.57398318e+14,4.50453007e-05
685,4.73222596e-05,1.35946959e-06,4.73222596e-03,1.63184653e+14,4.67474936e-05
686,4.78263522e-05,7.55071733e-07,4.78263522e-03,1.65163714e+14,4.74186942e-05
687,4.80741163e-05,2.43986806e-07,4.80741163e-03,1.66261355e+14,4.75898080e-05
688,4.94860783e-05,9.81027500e-07,4.94860783e-03,1.71393656e+14,4.85148289e-05
689,5.15033168e-05,1.08205323e-06,5.15033168e-03,1.78639580e+14,4.99885322e-05
690,5.25186571e-05,9.81608958e-07,5.25186571e-03,1.82425679e+14,5.08125697e-05
691,5.22267098e-05,7.70105667e-07,5.22267098e-03,1.81674503e+14,5.08820731e-05
692,5.19112746e-05,3.75478608e-07,5.19112746e-03,1.80838566e+14,5.11311041e-05
693,5.25578211e-05,5.49155510e-07,5.25578211e-03,1.83355463e+14,5.19784005e-05
694,5.38434759e-05,5.54539541e-07,5.38434759e-03,1.88111708e+14,5.30122926e-05
695,5.47123229e-05,8.85909940e-07,5.47123229e-03,1.91422607e+14,5.36757079e-05
696,5.47138005e-05,1.17732683e-06,5.47138005e-03,1.91703212e+14,5.39025843e-05
697,5.40914958e-05,1.11173927e-06,5.40914958e-03,1.89795118e+14,5.37372448e-05
698,5.37495290e-05,9.67096967e-07,5.37495290e-03,1.88865813e+14,5.35770498e-05
699,5.34641656e-05,5.78388236e-07,5.34641656e-03,1.88132244e+14,5.32387508e-05
700,5.28548670e-05,2.13303756e-07,5.28548670e-03,1.86254293e+14,5.26102525e-05
701,5.18290239e-05,2.72334255e-07,5.18290239e-03,1.82900257e+14,5.16362305e-05
702,5.08852179e-05,3.17675384e-07,5.08852179e-03,1.79825807e+14,5.06777039e-05
703,5.04346242e-05,5.37968833e-07,5.04346242e-03,1.78487325e+14,4.99885725e-05
704,5.05155437e-05,4.82946161e-07,5.05155437e-03,1.79027999e+14,4.97077770e-05
705,5.07487915e-05,2.14767526e-07,5.07487915e-03,1.80110109e+14,4.96690181e-05
706,5.05527295e-05,7.82106712e-07,5.05527295e-03,1.79668763e+14,4.94962800e-05
707,4.99619531e-05,1.34758339e-06,4.99619531e-03,1.77820607e+14,4.91046719e-05
708,4.90827337e-05,1.22210199e-06,4.90827337e-03,1.74938448e+14,4.83738298e-05
709,4.81535022e-05,5.42419553e-07,4.81535022e-03,1.71868933e+14,4.74686678e-05
710,4.70348199e-05,1.69290859e-07,4.70348199e-03,1.68112924e+14,4.63412283e-05
711,4.56647600e-05,5.43613630e-07,4.56647600e-03,1.63445906e+14,4.50386582e-05
712,4.39890499e-05,7.80714384e-07,4.39890499e-03,1.57669556e+14,4.34042917e-05
713,4.24738315e-05,8.73637098e-07,4.24738315e-03,1.52452390e+14,4.17976116e-05
714,4.15014674e-05,1.08194180e-06,4.15014674e-03,1.49171182e+14,4.06428758e-05
715,4.07448995e-05,1.48296551e-06,4.07448995e-03,1.46656920e+14,3.96186847e-05
716,3.96742684e-05,1.56305209e-06,3.96742684e-03,1.43003023e+14,3.81189424e-05
717,3.78934058e-05,1.15670829e-06,3.78934058e-03,1.36774792e+14,3.60917819e-05
718,3.57874297e-05,6.40150822e-07,3.57874297e-03,1.29353510e+14,3.41278123e-05
719,3.40655545e-05,7.96307616e-07,3.40655545e-03,1.23301290e+14,3.29631990e-05
720,3.28263454e-05,1.47848436e-06,3.28263454e-03,1.18981187e+14,3.22640149e-05
721,3.23239590e-05,1.67387035e-06,3.23239590e-03,1.17322978e+14,3.17522034e-05
722,3.19052003e-05,1.07056933e-06,3.19052003e-03,1.15963667e+14,3.10362767e-05
723,3.11044392e-05,6.63318107e-07,3.11044392e-03,1.13209779e+14,3.01247181e-05
724,3.00377905e-05,1.13098281e-06,3.00377905e-03,1.09478747e+14,2.91837048e-05
725,2.92050814e-05,1.15085290e-06,2.92050814e-03,1.06590793e+14,2.82048303e-05
726,2.86413357e-05,9.45437305e-07,2.86413357e-03,1.04677455e+14,2.71753067e-05
727,2.78834191e-05,8.95739581e-07,2.78834191e-03,1.02047814e+14,2.61063792e-05
728,2.68518943e-05,7.96329006e-07,2.68518943e-03,9.84078120e+13,2.52976258e-05
729,2.58456289e-05,1.56207749e-06,2.58456289e-03,9.48501233e+13,2.46707340e-05
730,2.47369080e-05,1.57260428e-06,2.47369080e-03,9.09057891e+13,2.38973157e-05
731,2.35333790e-05,1.08320218e-06,2.35333790e-03,8.66014043e+13,2.27466646e-05
732,2.25413479e-05,1.03567043e-06,2.25413479e-03,8.30642658e+13,2.13828224e-05
733,2.22960661e-05,4.45385139e-07,2.22960661e-03,8.22726498e+13,2.04234707e-05
734,2.27201811e-05,2.98503243e-07,2.27201811e-03,8.39520133e+13,1.99319421e-05
735,2.28900276e-05,6.34730615e-07,2.28900276e-03,8.46948344e+13,1.91756411e-05
736,2.25644894e-05,9.18529901e-07,2.25644894e-03,8.36039105e+13,1.81999713e-05
737,2.19975741e-05,9.58615066e-07,2.19975741e-03,8.16141655e+13,1.82993433e-05
738,2.16826840e-05,1.06956618e-06,2.16826840e-03,8.05550312e+13,1.93608009e-05
739,2.13346469e-05,1.28033946e-06,2.13346469e-03,7.93694125e+13,2.01545576e-05
740,2.10235945e-05,1.64544787e-06,2.10235945e-03,7.83180667e+13,1.97223772e-05
741,2.11058191e-05,2.07262028e-06,2.11058191e-03,7.87306228e+13,1.90121907e-05
742,2.08979969e-05,1.48882068e-06,2.08979969e-03,7.80605907e+13,1.87039230e-05
743,2.02340937e-05,5.68845396e-07,2.02340937e-03,7.56825642e+13,1.85163665e-05
744,1.96776290e-05,9.00168428e-07,1.96776290e-03,7.37002519e+13,1.87255075e-05
745,1.97283837e-05,6.52895291e-07,1.97283837e-03,7.39896624e+13,1.90735780e-05
746,1.97913349e-05,2.31470887e-07,1.97913349e-03,7.43253875e+13,1.90218653e-05
747,1.95078533e-05,1.00705052e-06,1.95078533e-03,7.33589913e+13,1.83950577e-05
748,1.92611956e-05,1.58722973e-06,1.92611956e-03,7.25284018e+13,1.76977174e-05
749,1.89167826e-05,1.52308867e-06,1.89167826e-03,7.13267372e+13,1.71992125e-05
750,1.81171851e-05,1.25133868e-06,1.81171851e-03,6.84030161e+13,1.66357401e-05
751,1.68978634e-05,1.00954909e-06,1.68978634e-03,6.38844264e+13,1.59859237e-05
752,1.60858718e-05,9.82096151e-07,1.60858718e-03,6.08955716e+13,1.55221556e-05
753,1.57502095e-05,1.23081643e-06,1.57502095e-03,5.97041580e+13,1.52632833e-05
754,1.55428437e-05,1.34370424e-06,1.55428437e-03,5.89963432e+13,1.49056991e-05
755,1.54171819e-05,1.07936782e-06,1.54171819e-03,5.85969776e+13,1.46088365e-05
756,1.57721176e-05,2.59393102e-07,1.57721176e-03,6.00254010e+13,1.48287175e-05
757,1.63424531e-05,7.39598997e-07,1.63424531e-03,6.22782490e+13,1.51801430e-05
758,1.65627937e-05,1.45495148e-06,1.65627937e-03,6.32013080e+13,1.50969796e-05
759,1.57153606e-05,1.19600785e-06,1.57153606e-03,6.00467346e+13,1.41945449e-05
760,1.47218388e-05,9.15874179e-07,1.47218388e-03,5.63247039e+13,1.33966967e-05
761,1.42537663e-05,1.42069261e-06,1.42537663e-03,5.46056470e+13,1.32632863e-05
762,1.45342105e-05,1.40550712e-06,1.45342105e-03,5.57531852e+13,1.35782441e-05
763,1.51763769e-05,6.64987214e-07,1.51763769e-03,5.82929334e+13,1.40530617e-05
764,1.53066457e-05,7.67908222e-07,1.53066457e-03,5.88703550e+13,1.42712043e-05
765,1.50260332e-05,1.27745865e-06,1.50260332e-03,5.78667442e+13,1.42575493e-05
766,1.44907016e-05,8.08419520e-07,1.44907016e-03,5.58780767e+13,1.39576753e-05
767,1.40087735e-05,5.81463592e-07,1.40087735e-03,5.40902197e+13,1.34047713e-05
768,1.34286145e-05,8.55722551e-07,1.34286145e-03,5.19177298e+13,1.25600852e-05
769,1.25043631e-05,7.81868126e-07,1.25043631e-03,4.84073361e+13,1.10907018e-05
770,1.15897963e-05,6.99550150e-07,1.15897963e-03,4.49251768e+13,9.70337069e-06
771,1.09025910e-05,5.13941544e-07,1.09025910e-03,4.23162688e+13,8.96172841e-06
772,1.07328007e-05,7.48285561e-07,1.07328007e-03,4.17112910e+13,8.82349313e-06
773,1.05491057e-05,1.35896666e-06,1.05491057e-03,4.10504957e+13,8.55384813e-06
774,9.71226520e-06,1.61875385e-06,9.71226520e-04,3.78429306e+13,7.60157458e-06
775,9.05235547e-06,1.64839981e-06,9.05235547e-04,3.53172248e+13,7.17897586e-06
776,9.03862685e-06,1.45152574e-06,9.03862685e-04,3.53091649e+13,7.50159140e-06
777,9.72917644e-06,1.27859608e-06,9.72917644e-04,3.80557570e+13,8.25081902e-06
778,1.01590132e-05,1.23088193e-06,1.01590132e-03,3.97882088e+13,8.69272194e-06
779,1.01590132e-05,1.23088193e-06,1.01590132e-03,3.98393504e+13,8.69272194e-06
780,0.00000000e+00,0.00000000e+00,0.00000000e+00,0.00000000e+00,0.00000000e+00
