label,rgb,eye,brightness_level,duty_cycle,quantitative,qc_flags,peak_wavelength_nm,measured_fwhm_nm,spectral_centroid_nm,irradiance_380_500_W_m2,irradiance_380_780_W_m2,irradiance_430_470_uW_cm2,offband_fraction_500_780,photon_irradiance_photons_cm2_s,photopic_illuminance_lux,instrument_lux,melanopic_EDI_lux,s_cone_opic_EDI_lux,repeat_cv_percent
C000-064-255_L6_D98,0 64 255,both,6,98,True,LOW_LIGHT,459,34.468,472.364,0.211355,0.229904,14.4235,0.0806792,5.46697e+13,18.7424,18.7424,123.27,181.13,0.043607
C000-255-064_L6_D98,0 255 64,both,6,98,True,LOW_LIGHT,539,85.525,549.073,0.0469762,0.40468,0.489645,0.883918,1.11857e+14,192.971,192.971,122.998,19.2565,0.0113321
C064-000-255_L6_D98,64 0 255,both,6,98,True,LOW_LIGHT,459,34.4248,475.354,0.206421,0.224747,14.1445,0.0815394,5.37816e+13,15.5644,15.5644,118.429,177.393,0.0967955
C064-064-064_L6_D98,64 64 64,both,6,98,True,LOW_LIGHT,459,61.9168,566.928,0.00737171,0.0286412,0.427667,0.742618,8.17413e+12,7.93647,7.93647,7.0168,5.7294,0.0804268
C064-255-000_L6_D98,64 255 0,both,6,98,True,LOW_LIGHT,539,85.5103,551.915,0.0427841,0.414518,0.155993,0.896786,1.1517e+14,197.374,197.374,122.367,15.3084,0.0719794
C128-128-128_L6_D98,128 128 128,both,6,98,True,LOW_LIGHT,459,59.1657,559.021,0.0360936,0.124247,2.11701,0.709501,3.49652e+13,34.7953,34.7953,33.3506,28.2333,0.120327
C255-000-064_L6_D98,255 0 64,both,6,98,True,LOW_LIGHT,631,78.214,639.405,0.00502536,0.303106,0.335478,0.98342,9.75652e+13,56.0591,56.0591,3.75288,4.24661,0.0498195
C255-064-000_L6_D98,255 64 0,both,6,98,True,LOW_LIGHT,631,78.4188,639.324,0.00125331,0.303728,0.0201178,0.995874,9.77527e+13,59.7128,59.7128,3.83689,0.581781,0.0206208
K_L6_D98_end,0 0 0,both,6,98,True,REPEAT_CV_HIGH LOW_LIGHT,778,26.4778,606.195,9.68453e-05,0.000395411,0.00291918,0.755077,1.20666e+11,0.0587018,0.0587024,0.0502572,0.0480934,5.77204
K_L6_D98_start,0 0 0,both,6,98,False,OUT_OF_RANGE REPEAT_CV_HIGH,748,4.86983,624.952,3.34865e-05,0.000170281,0.00157515,0.803345,5.35717e+10,0.0264225,0.0264228,0.0197459,0.0212548,34.4316
